"Model","Architecture","Learning_rate","L1","L2","Inner_RMSE","Inner_Correlation","Inner_MAE","Scenario","Repetition","Fold","SplitID","TaskID"
"ANN_0","64-32",0.000125,0,0,2.07525142364321,0.422560471613441,1.65289643705861,"C1",1,1,"R01_F01","C1_R01_F01"
"ANN_L1","64-32",0.000125,0.01,0,1.92397120306557,0.525040976747405,1.54062716399686,"C1",1,1,"R01_F01","C1_R01_F01"
"ANN_L2","64-32",0.000125,0,1e-04,2.05143526246192,0.446483440049285,1.63462511156991,"C1",1,1,"R01_F01","C1_R01_F01"
"ANN_L1_L2","64-32",0.000125,0.01,1e-05,1.9242635380235,0.526052731359195,1.54193278947481,"C1",1,1,"R01_F01","C1_R01_F01"
"ANN_0","32-16",0.000125,0,0,2.1031072109568,0.439892037863894,1.67485075787876,"C1",1,2,"R01_F02","C1_R01_F02"
"ANN_L1","32-16",0.000125,0.01,0,2.01897612975181,0.526710479461729,1.62165445432383,"C1",1,2,"R01_F02","C1_R01_F02"
"ANN_L2","32-16",0.000125,0,0.01,2.11017216266791,0.428940853053794,1.68330479953267,"C1",1,2,"R01_F02","C1_R01_F02"
"ANN_L1_L2","32-16",0.000125,0.01,0.001,2.02017830564839,0.524473826970341,1.6234454573719,"C1",1,2,"R01_F02","C1_R01_F02"
"ANN_0","64-32",0.000125,0,0,2.05506043279664,0.44702489071105,1.63078102328037,"C1",1,3,"R01_F03","C1_R01_F03"
"ANN_L1","64-32",0.000125,0.01,0,1.95457338176262,0.5140790323082,1.56574473802424,"C1",1,3,"R01_F03","C1_R01_F03"
"ANN_L2","64-32",0.000125,0,0.01,2.03404147544266,0.453221498268707,1.62903267923739,"C1",1,3,"R01_F03","C1_R01_F03"
"ANN_L1_L2","64-32",0.000125,0.01,0.001,1.95364287197859,0.514535862886607,1.56611386722562,"C1",1,3,"R01_F03","C1_R01_F03"
"ANN_0","64-32",0.00025,0,0,2.01447329937819,0.496964436500483,1.62485435095827,"C1",1,4,"R01_F04","C1_R01_F04"
"ANN_L1","64-32",0.00025,0.01,0,1.88952625837039,0.579079047505641,1.51940965286653,"C1",1,4,"R01_F04","C1_R01_F04"
"ANN_L2","64-32",0.00025,0,0.01,2.00008750543866,0.503980393304543,1.61079429282286,"C1",1,4,"R01_F04","C1_R01_F04"
"ANN_L1_L2","64-32",0.00025,0.01,0.001,1.88963188146866,0.579252017965285,1.51922010552388,"C1",1,4,"R01_F04","C1_R01_F04"
"ANN_0","16",0.000125,0,0,2.0069957271433,0.49728768176882,1.61339314148924,"C1",1,5,"R01_F05","C1_R01_F05"
"ANN_L1","16",0.000125,0.01,0,1.9495711176892,0.534097962712583,1.54855560394428,"C1",1,5,"R01_F05","C1_R01_F05"
"ANN_L2","16",0.000125,0,0.001,2.02944276399822,0.489206437280371,1.62335953070395,"C1",1,5,"R01_F05","C1_R01_F05"
"ANN_L1_L2","16",0.000125,0.01,1e-05,1.94915438421335,0.534446598719029,1.5492227523402,"C1",1,5,"R01_F05","C1_R01_F05"
"ANN_0","32",0.000125,0,0,2.02372017806539,0.464016674209056,1.63533979537261,"C1",2,1,"R02_F01","C1_R02_F01"
"ANN_L1","32",0.000125,0.01,0,1.92205927873747,0.542914749257876,1.55990403218103,"C1",2,1,"R02_F01","C1_R02_F01"
"ANN_L2","32",0.000125,0,1e-05,2.03321569893788,0.462373948226767,1.62981613403019,"C1",2,1,"R02_F01","C1_R02_F01"
"ANN_L1_L2","32",0.000125,0.01,0.01,1.92036420485027,0.544560320430576,1.55928495037329,"C1",2,1,"R02_F01","C1_R02_F01"
"ANN_0","64-32",0.000125,0,0,2.06323223713042,0.445527631796989,1.65905985171982,"C1",2,2,"R02_F02","C1_R02_F02"
"ANN_L1","64-32",0.000125,0.01,0,1.9401865516411,0.5379059156064,1.54841581304334,"C1",2,2,"R02_F02","C1_R02_F02"
"ANN_L2","64-32",0.000125,0,1e-04,2.04329935340305,0.454912884380744,1.62993813950386,"C1",2,2,"R02_F02","C1_R02_F02"
"ANN_L1_L2","64-32",0.000125,0.01,0.001,1.9393832334836,0.537647982262691,1.54762597323025,"C1",2,2,"R02_F02","C1_R02_F02"
"ANN_0","32-16",0.00025,0,0,2.00322075840554,0.488948987314764,1.60561274313974,"C1",2,3,"R02_F03","C1_R02_F03"
"ANN_L1","32-16",0.00025,0.01,0,1.85619316649509,0.587650520046783,1.48235049238187,"C1",2,3,"R02_F03","C1_R02_F03"
"ANN_L2","32-16",0.00025,0,0.001,2.04291732351277,0.466013263496476,1.6404809787577,"C1",2,3,"R02_F03","C1_R02_F03"
"ANN_L1_L2","32-16",0.00025,0.01,1e-05,1.85642399605508,0.587689841705253,1.48367771102111,"C1",2,3,"R02_F03","C1_R02_F03"
"ANN_0","64-32",0.000125,0,0,2.05996273793251,0.472594387054555,1.65502831264925,"C1",2,4,"R02_F04","C1_R02_F04"
"ANN_L1","64-32",0.000125,0.01,0,1.92164501239647,0.57160874090197,1.54397190583659,"C1",2,4,"R02_F04","C1_R02_F04"
"ANN_L2","64-32",0.000125,0,0.001,2.04644064375364,0.483166283530276,1.64165338548611,"C1",2,4,"R02_F04","C1_R02_F04"
"ANN_L1_L2","64-32",0.000125,0.01,1e-04,1.92123024596398,0.571815413468688,1.54351271807172,"C1",2,4,"R02_F04","C1_R02_F04"
"ANN_0","64-32",0.000125,0,0,2.01487156392046,0.484232860707533,1.61993271143938,"C1",2,5,"R02_F05","C1_R02_F05"
"ANN_L1","64-32",0.000125,0.01,0,1.91491908140511,0.55526414477021,1.5343527781145,"C1",2,5,"R02_F05","C1_R02_F05"
"ANN_L2","64-32",0.000125,0,0.01,2.03775802202078,0.476668350611705,1.62808452283583,"C1",2,5,"R02_F05","C1_R02_F05"
"ANN_L1_L2","64-32",0.000125,0.01,1e-05,1.91325738414694,0.557144270054225,1.53234115731221,"C1",2,5,"R02_F05","C1_R02_F05"
"ANN_0","32",0.000125,0,0,1.98697050030944,0.496212642199645,1.5731603049658,"C1",3,1,"R03_F01","C1_R03_F01"
"ANN_L1","32",0.000125,0.01,0,1.81246473491176,0.606475704372635,1.43622378777409,"C1",3,1,"R03_F01","C1_R03_F01"
"ANN_L2","32",0.000125,0,0.001,2.01058075808732,0.480534967720069,1.58412978169659,"C1",3,1,"R03_F01","C1_R03_F01"
"ANN_L1_L2","32",0.000125,0.01,1e-04,1.81539158944612,0.605308214265677,1.43809533371846,"C1",3,1,"R03_F01","C1_R03_F01"
"ANN_0","64-32",0.000125,0,0,2.09742894609797,0.470857849622093,1.67689026088817,"C1",3,2,"R03_F02","C1_R03_F02"
"ANN_L1","64-32",0.000125,0.01,0,1.9971626144015,0.545062060606681,1.61016277479329,"C1",3,2,"R03_F02","C1_R03_F02"
"ANN_L2","64-32",0.000125,0,0.01,2.08078546701202,0.485562559491786,1.66376595134838,"C1",3,2,"R03_F02","C1_R03_F02"
"ANN_L1_L2","64-32",0.000125,0.01,1e-04,1.99391116936323,0.550498479200802,1.60766879675052,"C1",3,2,"R03_F02","C1_R03_F02"
"ANN_0","32",0.000125,0,0,2.01156788506102,0.496069492289705,1.59748817197445,"C1",3,3,"R03_F03","C1_R03_F03"
"ANN_L1","32",0.000125,0.01,0,1.93690810428798,0.544610332734884,1.54830955111577,"C1",3,3,"R03_F03","C1_R03_F03"
"ANN_L2","32",0.000125,0,1e-05,2.03699431862632,0.473096180493755,1.61679526134265,"C1",3,3,"R03_F03","C1_R03_F03"
"ANN_L1_L2","32",0.000125,0.01,0.001,1.9351832573305,0.545678655766373,1.54694802106903,"C1",3,3,"R03_F03","C1_R03_F03"
"ANN_0","32",0.000125,0,0,2.0089726263597,0.462909476466445,1.6086426563798,"C1",3,4,"R03_F04","C1_R03_F04"
"ANN_L1","32",0.000125,0.01,0,1.93274737356211,0.53281060586176,1.55475590545336,"C1",3,4,"R03_F04","C1_R03_F04"
"ANN_L2","32",0.000125,0,1e-04,2.04598076266446,0.445453337414966,1.65672192088628,"C1",3,4,"R03_F04","C1_R03_F04"
"ANN_L1_L2","32",0.000125,0.01,0.001,1.91836733395759,0.543292019769256,1.54217911653483,"C1",3,4,"R03_F04","C1_R03_F04"
"ANN_0","32",0.000125,0,0,1.99295672913813,0.505600812322405,1.60380994071352,"C1",3,5,"R03_F05","C1_R03_F05"
"ANN_L1","32",0.000125,0.01,0,1.85989576891471,0.586258522172776,1.48832789565757,"C1",3,5,"R03_F05","C1_R03_F05"
"ANN_L2","32",0.000125,0,0.01,1.98887618717843,0.495315422231019,1.58737427168302,"C1",3,5,"R03_F05","C1_R03_F05"
"ANN_L1_L2","32",0.000125,0.01,0.01,1.85647613960753,0.588664413307242,1.48656687454737,"C1",3,5,"R03_F05","C1_R03_F05"
"ANN_0","32",0.000125,0,0,2.02405292053205,0.502445916198621,1.62214424951489,"C1",4,1,"R04_F01","C1_R04_F01"
"ANN_L1","32",0.000125,0.01,0,1.93805069829562,0.559454603616934,1.56040382633886,"C1",4,1,"R04_F01","C1_R04_F01"
"ANN_L2","32",0.000125,0,0.001,2.04912560683417,0.488408420785037,1.65573295881025,"C1",4,1,"R04_F01","C1_R04_F01"
"ANN_L1_L2","32",0.000125,0.01,1e-04,1.93683211110177,0.560253247024487,1.55891832527455,"C1",4,1,"R04_F01","C1_R04_F01"
"ANN_0","32",0.000125,0,0,2.01929317661357,0.459645423478634,1.60377669674409,"C1",4,2,"R04_F02","C1_R04_F02"
"ANN_L1","32",0.000125,0.01,0,1.91037298486314,0.533364586983044,1.52936165668371,"C1",4,2,"R04_F02","C1_R04_F02"
"ANN_L2","32",0.000125,0,0.01,2.04525164903598,0.435933528886721,1.63245927340421,"C1",4,2,"R04_F02","C1_R04_F02"
"ANN_L1_L2","32",0.000125,0.01,0.01,1.89766873251717,0.543421263913344,1.51409658366811,"C1",4,2,"R04_F02","C1_R04_F02"
"ANN_0","32",0.000125,0,0,1.99827406745914,0.469263293197418,1.61213769588721,"C1",4,3,"R04_F03","C1_R04_F03"
"ANN_L1","32",0.000125,0.01,0,1.91222102683452,0.531308164592743,1.55593822286426,"C1",4,3,"R04_F03","C1_R04_F03"
"ANN_L2","32",0.000125,0,0.01,2.00700502422898,0.469140517873221,1.61782652668332,"C1",4,3,"R04_F03","C1_R04_F03"
"ANN_L1_L2","32",0.000125,0.01,0.01,1.91218407536992,0.5314101750714,1.55521262381471,"C1",4,3,"R04_F03","C1_R04_F03"
"ANN_0","64-32",0.000125,0,0,2.10807038068611,0.454084263637892,1.6845681532152,"C1",4,4,"R04_F04","C1_R04_F04"
"ANN_L1","64-32",0.000125,0.01,0,1.96145694611667,0.553150402144723,1.56563540087875,"C1",4,4,"R04_F04","C1_R04_F04"
"ANN_L2","64-32",0.000125,0,0.01,2.121413839847,0.446941859877267,1.69494551830216,"C1",4,4,"R04_F04","C1_R04_F04"
"ANN_L1_L2","64-32",0.000125,0.01,0.01,1.95074781829904,0.55576158971785,1.554725978898,"C1",4,4,"R04_F04","C1_R04_F04"
"ANN_0","32",0.000125,0,0,2.0637765935414,0.480063093112933,1.63475549135732,"C1",4,5,"R04_F05","C1_R04_F05"
"ANN_L1","32",0.000125,0.01,0,1.92974595129915,0.559823402691968,1.54090327199531,"C1",4,5,"R04_F05","C1_R04_F05"
"ANN_L2","32",0.000125,0,1e-05,2.06085253085111,0.48445331594528,1.64667375438152,"C1",4,5,"R04_F05","C1_R04_F05"
"ANN_L1_L2","32",0.000125,0.01,0.001,1.91610341446022,0.566525830835636,1.53799334160584,"C1",4,5,"R04_F05","C1_R04_F05"
"ANN_0","64-32",0.000125,0,0,2.05892714989056,0.475358149003293,1.65450483398689,"C1",5,1,"R05_F01","C1_R05_F01"
"ANN_L1","64-32",0.000125,0.01,0,1.9507979150795,0.537091815592468,1.57309506945014,"C1",5,1,"R05_F01","C1_R05_F01"
"ANN_L2","64-32",0.000125,0,0.01,2.08043583847177,0.455279686242436,1.67642852525282,"C1",5,1,"R05_F01","C1_R05_F01"
"ANN_L1_L2","64-32",0.000125,0.01,0.001,1.94964797039075,0.53729111786543,1.57184524586533,"C1",5,1,"R05_F01","C1_R05_F01"
"ANN_0","64-32",0.000125,0,0,2.02584690386855,0.467264011399973,1.62259504930997,"C1",5,2,"R05_F02","C1_R05_F02"
"ANN_L1","64-32",0.000125,0.01,0,1.95963929357146,0.526959172037525,1.57759365101845,"C1",5,2,"R05_F02","C1_R05_F02"
"ANN_L2","64-32",0.000125,0,0.001,2.03109617225007,0.471894490586781,1.63207436286799,"C1",5,2,"R05_F02","C1_R05_F02"
"ANN_L1_L2","64-32",0.000125,0.01,1e-05,1.94016734280199,0.532147961355135,1.56532577007699,"C1",5,2,"R05_F02","C1_R05_F02"
"ANN_0","16",0.000125,0,0,2.05389140714402,0.439492820050405,1.64522159939764,"C1",5,3,"R05_F03","C1_R05_F03"
"ANN_L1","16",0.000125,0.01,0,1.93474584189565,0.522225930237715,1.55644827663373,"C1",5,3,"R05_F03","C1_R05_F03"
"ANN_L2","16",0.000125,0,0.01,2.04383942775324,0.446980090076841,1.62928958278601,"C1",5,3,"R05_F03","C1_R05_F03"
"ANN_L1_L2","16",0.000125,0.01,1e-04,1.93559464227451,0.521725187989495,1.55666843663828,"C1",5,3,"R05_F03","C1_R05_F03"
"ANN_0","64-32",0.000125,0,0,2.05794466892861,0.446897339284398,1.64234479570512,"C1",5,4,"R05_F04","C1_R05_F04"
"ANN_L1","64-32",0.000125,0.01,0,1.97802760844221,0.5099793491575,1.58649789442166,"C1",5,4,"R05_F04","C1_R05_F04"
"ANN_L2","64-32",0.000125,0,0.001,2.087106987153,0.437944186598007,1.64715476397664,"C1",5,4,"R05_F04","C1_R05_F04"
"ANN_L1_L2","64-32",0.000125,0.01,1e-04,1.96271153423458,0.519633900211052,1.56908539917622,"C1",5,4,"R05_F04","C1_R05_F04"
"ANN_0","64-32",0.001,0,0,2.09051192082299,0.469580499165152,1.68252163476138,"C1",5,5,"R05_F05","C1_R05_F05"
"ANN_L1","64-32",0.001,0.01,0,1.9680026646497,0.553134533229174,1.6049953948475,"C1",5,5,"R05_F05","C1_R05_F05"
"ANN_L2","64-32",0.001,0,0.01,2.11200958695903,0.461518996366105,1.70021531851051,"C1",5,5,"R05_F05","C1_R05_F05"
"ANN_L1_L2","64-32",0.001,0.01,0.001,1.94732792867992,0.563183101830697,1.57749490099179,"C1",5,5,"R05_F05","C1_R05_F05"
"ANN_0","32",0.00025,0,0,0.82083794408933,0.646822171821606,0.651832869102864,"C2",1,1,"R01_F01","C2_R01_F01"
"ANN_L1","32",0.00025,0.01,0,0.818203586828308,0.637933614688502,0.653478825235617,"C2",1,1,"R01_F01","C2_R01_F01"
"ANN_L2","32",0.00025,0,0.01,0.833196479471034,0.626339986963921,0.666652987666083,"C2",1,1,"R01_F01","C2_R01_F01"
"ANN_L1_L2","32",0.00025,0.01,1e-04,0.818201415643518,0.637940636954766,0.653496340491232,"C2",1,1,"R01_F01","C2_R01_F01"
"ANN_0","64-32",0.000125,0,0,0.821630587719618,0.646925905266608,0.643066206194989,"C2",1,2,"R01_F02","C2_R01_F02"
"ANN_L1","64-32",0.000125,1e-04,0,0.822766455997583,0.642330361558411,0.645724516316449,"C2",1,2,"R01_F02","C2_R01_F02"
"ANN_L2","64-32",0.000125,0,1e-04,0.823075277894533,0.642221480310338,0.645881947240072,"C2",1,2,"R01_F02","C2_R01_F02"
"ANN_L1_L2","64-32",0.000125,1e-04,0.001,0.822769838277525,0.642413703604148,0.645765907582326,"C2",1,2,"R01_F02","C2_R01_F02"
"ANN_0","64-32",0.000125,0,0,0.816408097896844,0.643650163147394,0.650942301068906,"C2",1,3,"R01_F03","C2_R01_F03"
"ANN_L1","64-32",0.000125,0.001,0,0.814080855037788,0.648983702374805,0.651147549101471,"C2",1,3,"R01_F03","C2_R01_F03"
"ANN_L2","64-32",0.000125,0,0.01,0.817490169951964,0.646407772917559,0.654483818810936,"C2",1,3,"R01_F03","C2_R01_F03"
"ANN_L1_L2","64-32",0.000125,0.001,0.01,0.814025586245968,0.649562110544531,0.651109359021867,"C2",1,3,"R01_F03","C2_R01_F03"
"ANN_0","64-32",0.000125,0,0,0.813934024306718,0.669193286067781,0.646367446888776,"C2",1,4,"R01_F04","C2_R01_F04"
"ANN_L1","64-32",0.000125,0.001,0,0.8083574983861,0.667708888699038,0.638370512980653,"C2",1,4,"R01_F04","C2_R01_F04"
"ANN_L2","64-32",0.000125,0,0.01,0.81091085526142,0.669050761655304,0.63931847777428,"C2",1,4,"R01_F04","C2_R01_F04"
"ANN_L1_L2","64-32",0.000125,0.001,1e-05,0.808352268149992,0.667714921107707,0.638382270684338,"C2",1,4,"R01_F04","C2_R01_F04"
"ANN_0","64-32",0.000125,0,0,0.8369870627684,0.646226558202129,0.657769613402327,"C2",1,5,"R01_F05","C2_R01_F05"
"ANN_L1","64-32",0.000125,0.001,0,0.826473119203828,0.657354255245232,0.654640601447498,"C2",1,5,"R01_F05","C2_R01_F05"
"ANN_L2","64-32",0.000125,0,1e-04,0.827971445224579,0.657404298575524,0.654392094517129,"C2",1,5,"R01_F05","C2_R01_F05"
"ANN_L1_L2","64-32",0.000125,0.001,1e-04,0.82621303978463,0.657295465555347,0.654066392876651,"C2",1,5,"R01_F05","C2_R01_F05"
"ANN_0","64-32",0.000125,0,0,0.827456617226502,0.645084212745932,0.658473628095346,"C2",2,1,"R02_F01","C2_R02_F01"
"ANN_L1","64-32",0.000125,0.001,0,0.82284658628691,0.652312074441595,0.655235223626248,"C2",2,1,"R02_F01","C2_R02_F01"
"ANN_L2","64-32",0.000125,0,0.01,0.825273255818616,0.651062378988164,0.657569524128056,"C2",2,1,"R02_F01","C2_R02_F01"
"ANN_L1_L2","64-32",0.000125,0.001,0.01,0.822116066797026,0.652588006422848,0.654447641930016,"C2",2,1,"R02_F01","C2_R02_F01"
"ANN_0","32-16",0.000125,0,0,0.837101849311437,0.647282386304724,0.655701390713413,"C2",2,2,"R02_F02","C2_R02_F02"
"ANN_L1","32-16",0.000125,1e-05,0,0.842619544729451,0.635196259515125,0.657915948871113,"C2",2,2,"R02_F02","C2_R02_F02"
"ANN_L2","32-16",0.000125,0,0.01,0.841634091329606,0.635370198459083,0.657310201712967,"C2",2,2,"R02_F02","C2_R02_F02"
"ANN_L1_L2","32-16",0.000125,1e-04,0.001,0.841954734313417,0.635453877481966,0.657437383744512,"C2",2,2,"R02_F02","C2_R02_F02"
"ANN_0","4",0.000125,0,0,0.827947043558939,0.644556707691958,0.659617695370626,"C2",2,3,"R02_F03","C2_R02_F03"
"ANN_L1","4",0.000125,0.01,0,0.881167826144211,0.59951004696013,0.691303961344977,"C2",2,3,"R02_F03","C2_R02_F03"
"ANN_L2","4",0.000125,0,1e-04,0.886542270628857,0.606461132663599,0.69571881437654,"C2",2,3,"R02_F03","C2_R02_F03"
"ANN_L1_L2","4",0.000125,0.01,0.01,0.880510218459602,0.599617273132293,0.691342886755097,"C2",2,3,"R02_F03","C2_R02_F03"
"ANN_0","16-8",5e-04,0,0,0.824511762315216,0.64318963076882,0.647440783103844,"C2",2,4,"R02_F04","C2_R02_F04"
"ANN_L1","16-8",5e-04,0.001,0,0.851129943759457,0.627275948681946,0.670203532042262,"C2",2,4,"R02_F04","C2_R02_F04"
"ANN_L2","16-8",5e-04,0,0.01,0.853386643709697,0.623672582882557,0.671958022015222,"C2",2,4,"R02_F04","C2_R02_F04"
"ANN_L1_L2","16-8",5e-04,0.001,0.01,0.850715061252726,0.627301205916567,0.670084966314734,"C2",2,4,"R02_F04","C2_R02_F04"
"ANN_0","32",0.000125,0,0,0.831195714597456,0.640332834320106,0.657915909458372,"C2",2,5,"R02_F05","C2_R02_F05"
"ANN_L1","32",0.000125,0.01,0,0.853114384669378,0.612316894369668,0.677038736121866,"C2",2,5,"R02_F05","C2_R02_F05"
"ANN_L2","32",0.000125,0,1e-05,0.862383789852946,0.617112925917734,0.674208642400781,"C2",2,5,"R02_F05","C2_R02_F05"
"ANN_L1_L2","32",0.000125,0.01,0.01,0.852949241181941,0.612422967252035,0.676788672769265,"C2",2,5,"R02_F05","C2_R02_F05"
"ANN_0","32-16",0.000125,0,0,0.833642815789291,0.65039962632528,0.659565813039342,"C2",3,1,"R03_F01","C2_R03_F01"
"ANN_L1","32-16",0.000125,0.001,0,0.848107956415844,0.641873511491935,0.673338561011059,"C2",3,1,"R03_F01","C2_R03_F01"
"ANN_L2","32-16",0.000125,0,1e-04,0.851918442975705,0.63738537666703,0.675484520303857,"C2",3,1,"R03_F01","C2_R03_F01"
"ANN_L1_L2","32-16",0.000125,0.001,1e-04,0.848203960114242,0.641668542337812,0.673617263460675,"C2",3,1,"R03_F01","C2_R03_F01"
"ANN_0","64-32",0.00025,0,0,0.79870224579626,0.643333720198902,0.636943943541791,"C2",3,2,"R03_F02","C2_R03_F02"
"ANN_L1","64-32",0.00025,0.001,0,0.808173387228781,0.631604734040256,0.638905567027046,"C2",3,2,"R03_F02","C2_R03_F02"
"ANN_L2","64-32",0.00025,0,0.01,0.809886476614152,0.629800028009033,0.63876921665578,"C2",3,2,"R03_F02","C2_R03_F02"
"ANN_L1_L2","64-32",0.00025,0.001,0.01,0.807722464168308,0.632473757971927,0.639069564293626,"C2",3,2,"R03_F02","C2_R03_F02"
"ANN_0","32-16",0.000125,0,0,0.834036819006994,0.647090504147732,0.661455537519154,"C2",3,3,"R03_F03","C2_R03_F03"
"ANN_L1","32-16",0.000125,0.001,0,0.846465645593615,0.652702598558935,0.664572536651139,"C2",3,3,"R03_F03","C2_R03_F03"
"ANN_L2","32-16",0.000125,0,0.01,0.849166602655359,0.651157874010161,0.667980912199731,"C2",3,3,"R03_F03","C2_R03_F03"
"ANN_L1_L2","32-16",0.000125,0.001,1e-04,0.844883644400766,0.652713057854092,0.663128072274879,"C2",3,3,"R03_F03","C2_R03_F03"
"ANN_0","64-32",0.000125,0,0,0.838195635300962,0.63523604768166,0.666782889201361,"C2",3,4,"R03_F04","C2_R03_F04"
"ANN_L1","64-32",0.000125,0.001,0,0.841669326981892,0.636837766498062,0.66683605817389,"C2",3,4,"R03_F04","C2_R03_F04"
"ANN_L2","64-32",0.000125,0,1e-05,0.846827025940778,0.633296465654804,0.67205789506638,"C2",3,4,"R03_F04","C2_R03_F04"
"ANN_L1_L2","64-32",0.000125,0.001,0.01,0.841547490800068,0.636933867115093,0.666356700270206,"C2",3,4,"R03_F04","C2_R03_F04"
"ANN_0","32",0.000125,0,0,0.837957131805183,0.639330195685745,0.665433212877014,"C2",3,5,"R03_F05","C2_R03_F05"
"ANN_L1","32",0.000125,0.01,0,0.838031336249693,0.634449726564255,0.661868385129469,"C2",3,5,"R03_F05","C2_R03_F05"
"ANN_L2","32",0.000125,0,0.01,0.839769578587151,0.629732778505929,0.663387081168425,"C2",3,5,"R03_F05","C2_R03_F05"
"ANN_L1_L2","32",0.000125,0.01,1e-05,0.838022729677443,0.634461005378324,0.661861738263836,"C2",3,5,"R03_F05","C2_R03_F05"
"ANN_0","64-32",0.000125,0,0,0.818834527915867,0.66032483687368,0.650293956477048,"C2",4,1,"R04_F01","C2_R04_F01"
"ANN_L1","64-32",0.000125,0.001,0,0.825855686958991,0.655231420810627,0.658211366771541,"C2",4,1,"R04_F01","C2_R04_F01"
"ANN_L2","64-32",0.000125,0,0.01,0.832874361248593,0.648223292630744,0.663673769941245,"C2",4,1,"R04_F01","C2_R04_F01"
"ANN_L1_L2","64-32",0.000125,0.001,0.01,0.824477897431988,0.656282848556149,0.657384647781894,"C2",4,1,"R04_F01","C2_R04_F01"
"ANN_0","64-32",0.000125,0,0,0.807204496438341,0.655777256610041,0.639812445941192,"C2",4,2,"R04_F02","C2_R04_F02"
"ANN_L1","64-32",0.000125,0.001,0,0.801936804616968,0.661283860551865,0.632853818319764,"C2",4,2,"R04_F02","C2_R04_F02"
"ANN_L2","64-32",0.000125,0,0.01,0.802266995635058,0.661564649655341,0.634871753396967,"C2",4,2,"R04_F02","C2_R04_F02"
"ANN_L1_L2","64-32",0.000125,0.001,1e-05,0.802149211182157,0.661098674118149,0.633079489236404,"C2",4,2,"R04_F02","C2_R04_F02"
"ANN_0","64-32",0.00025,0,0,0.845447549313193,0.647755436105371,0.661658129710869,"C2",4,3,"R04_F03","C2_R04_F03"
"ANN_L1","64-32",0.00025,1e-04,0,0.852140307604493,0.648598890315584,0.668479887133262,"C2",4,3,"R04_F03","C2_R04_F03"
"ANN_L2","64-32",0.00025,0,0.01,0.852004022491483,0.648682834087481,0.668413811866761,"C2",4,3,"R04_F03","C2_R04_F03"
"ANN_L1_L2","64-32",0.00025,1e-04,0.001,0.852030487409279,0.648663165704492,0.668208702279355,"C2",4,3,"R04_F03","C2_R04_F03"
"ANN_0","64-32",0.000125,0,0,0.824036168242427,0.632254720012483,0.653138973342547,"C2",4,4,"R04_F04","C2_R04_F04"
"ANN_L1","64-32",0.000125,0.001,0,0.816736848121166,0.642347506620378,0.64758064732338,"C2",4,4,"R04_F04","C2_R04_F04"
"ANN_L2","64-32",0.000125,0,0.001,0.818279268650014,0.639709564565942,0.647931350776453,"C2",4,4,"R04_F04","C2_R04_F04"
"ANN_L1_L2","64-32",0.000125,0.001,1e-04,0.816551124375825,0.642541746974937,0.647542793576128,"C2",4,4,"R04_F04","C2_R04_F04"
"ANN_0","32-16",0.000125,0,0,0.83789381132268,0.629453078423915,0.662485765093719,"C2",4,5,"R04_F05","C2_R04_F05"
"ANN_L1","32-16",0.000125,0.001,0,0.838373568398955,0.633995508361702,0.670142183492052,"C2",4,5,"R04_F05","C2_R04_F05"
"ANN_L2","32-16",0.000125,0,0.001,0.843232959055677,0.630468368242172,0.674140272799849,"C2",4,5,"R04_F05","C2_R04_F05"
"ANN_L1_L2","32-16",0.000125,0.001,1e-05,0.838171008604294,0.633841785488294,0.670279026689361,"C2",4,5,"R04_F05","C2_R04_F05"
"ANN_0","32-16",0.000125,0,0,0.807713691734094,0.655770379503508,0.644141150018867,"C2",5,1,"R05_F01","C2_R05_F01"
"ANN_L1","32-16",0.000125,0.001,0,0.827750325684312,0.634108411827618,0.658618009385002,"C2",5,1,"R05_F01","C2_R05_F01"
"ANN_L2","32-16",0.000125,0,0.01,0.828328277050483,0.63335078346883,0.659204752980752,"C2",5,1,"R05_F01","C2_R05_F01"
"ANN_L1_L2","32-16",0.000125,0.001,0.001,0.826531936781554,0.634815156673495,0.657829834601412,"C2",5,1,"R05_F01","C2_R05_F01"
"ANN_0","64-32",5e-04,0,0,0.806719871321161,0.65793396220342,0.641662454987739,"C2",5,2,"R05_F02","C2_R05_F02"
"ANN_L1","64-32",5e-04,1e-05,0,0.830408867144366,0.644892182285345,0.665066493531875,"C2",5,2,"R05_F02","C2_R05_F02"
"ANN_L2","64-32",5e-04,0,0.001,0.83036340324167,0.644977804740201,0.664940806416596,"C2",5,2,"R05_F02","C2_R05_F02"
"ANN_L1_L2","64-32",5e-04,1e-05,0.001,0.830351615009769,0.644882624496034,0.664966480149667,"C2",5,2,"R05_F02","C2_R05_F02"
"ANN_0","64-32",0.000125,0,0,0.838501417506349,0.64256527109198,0.655371792721391,"C2",5,3,"R05_F03","C2_R05_F03"
"ANN_L1","64-32",0.000125,0.001,0,0.838294113163723,0.632648426586896,0.656876328783718,"C2",5,3,"R05_F03","C2_R05_F03"
"ANN_L2","64-32",0.000125,0,0.001,0.839732558291743,0.631585580097129,0.657123655385579,"C2",5,3,"R05_F03","C2_R05_F03"
"ANN_L1_L2","64-32",0.000125,0.001,1e-04,0.838239958580613,0.632717361456604,0.656897525053513,"C2",5,3,"R05_F03","C2_R05_F03"
"ANN_0","64-32",0.000125,0,0,0.827617766161265,0.64310219494386,0.645887076423379,"C2",5,4,"R05_F04","C2_R05_F04"
"ANN_L1","64-32",0.000125,0.001,0,0.823679521057389,0.647966978293828,0.643159998831667,"C2",5,4,"R05_F04","C2_R05_F04"
"ANN_L2","64-32",0.000125,0,1e-04,0.82402636455743,0.649589039856635,0.646240830624969,"C2",5,4,"R05_F04","C2_R05_F04"
"ANN_L1_L2","64-32",0.000125,0.001,0.001,0.823609728445095,0.648007757178324,0.643103063914073,"C2",5,4,"R05_F04","C2_R05_F04"
"ANN_0","64-32",0.000125,0,0,0.816446205641709,0.66998340093148,0.648797320370396,"C2",5,5,"R05_F05","C2_R05_F05"
"ANN_L1","64-32",0.000125,0.001,0,0.83537676509029,0.65074203292406,0.660617188005198,"C2",5,5,"R05_F05","C2_R05_F05"
"ANN_L2","64-32",0.000125,0,1e-04,0.837052524565898,0.652674390469523,0.661933379810212,"C2",5,5,"R05_F05","C2_R05_F05"
"ANN_L1_L2","64-32",0.000125,0.001,0.01,0.83444250633333,0.651511822006079,0.659845904545319,"C2",5,5,"R05_F05","C2_R05_F05"
"ANN_0","64-32",0.000125,0,0,0.750253485858163,0.601216399078534,0.604396198912171,"C3",1,1,"R01_F01","C3_R01_F01"
"ANN_L1","64-32",0.000125,0.001,0,0.753133796851515,0.604131723331648,0.607605441980865,"C3",1,1,"R01_F01","C3_R01_F01"
"ANN_L2","64-32",0.000125,0,0.01,0.753225190017184,0.604888636641552,0.607533683332607,"C3",1,1,"R01_F01","C3_R01_F01"
"ANN_L1_L2","64-32",0.000125,1e-04,0.01,0.753087433875423,0.605056043330121,0.607291445671711,"C3",1,1,"R01_F01","C3_R01_F01"
"ANN_0","64-32",0.000125,0,0,0.76592881085224,0.586835272268393,0.627370609136256,"C3",1,2,"R01_F02","C3_R01_F02"
"ANN_L1","64-32",0.000125,0.001,0,0.765250559854621,0.58277319644562,0.625181606986037,"C3",1,2,"R01_F02","C3_R01_F02"
"ANN_L2","64-32",0.000125,0,1e-05,0.768298996223505,0.58097596400575,0.627581456384373,"C3",1,2,"R01_F02","C3_R01_F02"
"ANN_L1_L2","64-32",0.000125,0.001,0.01,0.764709013705255,0.582412865550585,0.624944154031811,"C3",1,2,"R01_F02","C3_R01_F02"
"ANN_0","64-32",0.000125,0,0,0.759043463847509,0.594506935150723,0.61314838625856,"C3",1,3,"R01_F03","C3_R01_F03"
"ANN_L1","64-32",0.000125,0.001,0,0.771576243450364,0.591013190267499,0.62286219229601,"C3",1,3,"R01_F03","C3_R01_F03"
"ANN_L2","64-32",0.000125,0,1e-04,0.772816275136583,0.591581658730256,0.623234020910043,"C3",1,3,"R01_F03","C3_R01_F03"
"ANN_L1_L2","64-32",0.000125,0.001,0.001,0.771916458846675,0.590860806991857,0.623137793835084,"C3",1,3,"R01_F03","C3_R01_F03"
"ANN_0","64-32",0.00025,0,0,0.751923548679313,0.570617839950733,0.608125068511008,"C3",1,4,"R01_F04","C3_R01_F04"
"ANN_L1","64-32",0.00025,1e-04,0,0.743411267461979,0.57995294482214,0.601941246863628,"C3",1,4,"R01_F04","C3_R01_F04"
"ANN_L2","64-32",0.00025,0,0.01,0.743475578364249,0.57988752205272,0.60197011660362,"C3",1,4,"R01_F04","C3_R01_F04"
"ANN_L1_L2","64-32",0.00025,1e-04,1e-04,0.74333300709548,0.580053474225334,0.601887376121485,"C3",1,4,"R01_F04","C3_R01_F04"
"ANN_0","32-16",5e-04,0,0,0.753938075450322,0.590108116526136,0.618121719224416,"C3",1,5,"R01_F05","C3_R01_F05"
"ANN_L1","32-16",5e-04,0.001,0,0.75509454877351,0.586747293982939,0.616412191118668,"C3",1,5,"R01_F05","C3_R01_F05"
"ANN_L2","32-16",5e-04,0,1e-05,0.75654953623375,0.586274085126851,0.617541769750827,"C3",1,5,"R01_F05","C3_R01_F05"
"ANN_L1_L2","32-16",5e-04,0.001,0.001,0.754851258156008,0.587008910858731,0.616210673821251,"C3",1,5,"R01_F05","C3_R01_F05"
"ANN_0","32",0.000125,0,0,0.748557407947825,0.60967117455332,0.610851158549378,"C3",2,1,"R02_F01","C3_R02_F01"
"ANN_L1","32",0.000125,0.01,0,0.754014312113559,0.597728043607173,0.611799748037934,"C3",2,1,"R02_F01","C3_R02_F01"
"ANN_L2","32",0.000125,0,0.01,0.757750944837133,0.596844424438467,0.61822372941223,"C3",2,1,"R02_F01","C3_R02_F01"
"ANN_L1_L2","32",0.000125,0.01,1e-05,0.754014806432795,0.597727600377347,0.611801194817417,"C3",2,1,"R02_F01","C3_R02_F01"
"ANN_0","32-16",0.000125,0,0,0.747556224462603,0.615704222531578,0.607895706468794,"C3",2,2,"R02_F02","C3_R02_F02"
"ANN_L1","32-16",0.000125,0.001,0,0.765359962843029,0.591935246709121,0.61766580556465,"C3",2,2,"R02_F02","C3_R02_F02"
"ANN_L2","32-16",0.000125,0,1e-05,0.769262171039924,0.589663720570257,0.622391458458785,"C3",2,2,"R02_F02","C3_R02_F02"
"ANN_L1_L2","32-16",0.000125,0.001,0.01,0.764426135082706,0.592655441061139,0.616877605150181,"C3",2,2,"R02_F02","C3_R02_F02"
"ANN_0","16",0.000125,0,0,0.776401444553764,0.582087326546159,0.632221515714687,"C3",2,3,"R02_F03","C3_R02_F03"
"ANN_L1","16",0.000125,0.01,0,0.776690942976673,0.557669474885923,0.633704482729251,"C3",2,3,"R02_F03","C3_R02_F03"
"ANN_L2","16",0.000125,0,0.01,0.779151995321507,0.558406422582849,0.636890373985129,"C3",2,3,"R02_F03","C3_R02_F03"
"ANN_L1_L2","16",0.000125,0.01,0.01,0.776435187879262,0.558254207991855,0.633599430324394,"C3",2,3,"R02_F03","C3_R02_F03"
"ANN_0","8",0.000125,0,0,0.757385323450757,0.590250488362447,0.621092869655931,"C3",2,4,"R02_F04","C3_R02_F04"
"ANN_L1","8",0.000125,0.001,0,0.776418511353517,0.566846120222463,0.635157577032579,"C3",2,4,"R02_F04","C3_R02_F04"
"ANN_L2","8",0.000125,0,1e-05,0.776220236324574,0.56603269132533,0.634578733356504,"C3",2,4,"R02_F04","C3_R02_F04"
"ANN_L1_L2","8",0.000125,1e-05,0.001,0.776065621302421,0.566564998405399,0.634602193939594,"C3",2,4,"R02_F04","C3_R02_F04"
"ANN_0","64-32",0.00025,0,0,0.74970079170087,0.591092004284156,0.600855562597699,"C3",2,5,"R02_F05","C3_R02_F05"
"ANN_L1","64-32",0.00025,1e-04,0,0.746738538027623,0.589405165834598,0.5995263689466,"C3",2,5,"R02_F05","C3_R02_F05"
"ANN_L2","64-32",0.00025,0,0.01,0.746542055542468,0.589611074226309,0.599559245085252,"C3",2,5,"R02_F05","C3_R02_F05"
"ANN_L1_L2","64-32",0.00025,0.001,0.001,0.745543004186145,0.589692676748221,0.599207592405975,"C3",2,5,"R02_F05","C3_R02_F05"
"ANN_0","64-32",5e-04,0,0,0.751828880167233,0.614378292303445,0.615221199421192,"C3",3,1,"R03_F01","C3_R03_F01"
"ANN_L1","64-32",5e-04,1e-04,0,0.751821408829628,0.609879535581693,0.612971537589139,"C3",3,1,"R03_F01","C3_R03_F01"
"ANN_L2","64-32",5e-04,0,0.001,0.752306086089592,0.609585471857386,0.613523350649829,"C3",3,1,"R03_F01","C3_R03_F01"
"ANN_L1_L2","64-32",5e-04,1e-04,1e-05,0.751982218724386,0.609675562738833,0.613223160472282,"C3",3,1,"R03_F01","C3_R03_F01"
"ANN_0","32",0.000125,0,0,0.766116464757064,0.583344991534378,0.621990454613745,"C3",3,2,"R03_F02","C3_R03_F02"
"ANN_L1","32",0.000125,0.01,0,0.757766871066156,0.576635426131189,0.615004889205408,"C3",3,2,"R03_F02","C3_R03_F02"
"ANN_L2","32",0.000125,0,0.01,0.764895379608879,0.585509056193278,0.628779201655062,"C3",3,2,"R03_F02","C3_R03_F02"
"ANN_L1_L2","32",0.000125,0.01,1e-05,0.757913621861925,0.576398727691525,0.615147339343845,"C3",3,2,"R03_F02","C3_R03_F02"
"ANN_0","64-32",0.000125,0,0,0.756051430598397,0.611108767422641,0.615748222721124,"C3",3,3,"R03_F03","C3_R03_F03"
"ANN_L1","64-32",0.000125,1e-05,0,0.752598329014392,0.618207321344271,0.615106811763675,"C3",3,3,"R03_F03","C3_R03_F03"
"ANN_L2","64-32",0.000125,0,0.001,0.752510294596812,0.618168103269538,0.615126340740027,"C3",3,3,"R03_F03","C3_R03_F03"
"ANN_L1_L2","64-32",0.000125,1e-05,0.01,0.752188719063135,0.618361096008938,0.614850395920061,"C3",3,3,"R03_F03","C3_R03_F03"
"ANN_0","64-32",0.000125,0,0,0.775446481255001,0.576476370839674,0.635494552770077,"C3",3,4,"R03_F04","C3_R03_F04"
"ANN_L1","64-32",0.000125,0.001,0,0.787213709745377,0.56610630546688,0.637409416190635,"C3",3,4,"R03_F04","C3_R03_F04"
"ANN_L2","64-32",0.000125,0,1e-05,0.787574427726668,0.567644841352792,0.636890720130175,"C3",3,4,"R03_F04","C3_R03_F04"
"ANN_L1_L2","64-32",0.000125,0.001,0.001,0.784682598750879,0.568035262560228,0.63471530529423,"C3",3,4,"R03_F04","C3_R03_F04"
"ANN_0","64-32",0.00025,0,0,0.748057916693417,0.577353985586665,0.604020484354325,"C3",3,5,"R03_F05","C3_R03_F05"
"ANN_L1","64-32",0.00025,0.001,0,0.750924599096833,0.57022882489834,0.603250430967503,"C3",3,5,"R03_F05","C3_R03_F05"
"ANN_L2","64-32",0.00025,0,0.001,0.750964321415101,0.572464320283431,0.603770420285757,"C3",3,5,"R03_F05","C3_R03_F05"
"ANN_L1_L2","64-32",0.00025,1e-05,1e-04,0.750541168347073,0.572784902410438,0.603184507881938,"C3",3,5,"R03_F05","C3_R03_F05"
"ANN_0","64-32",0.000125,0,0,0.749800115782095,0.612337349392045,0.615890967397775,"C3",4,1,"R04_F01","C3_R04_F01"
"ANN_L1","64-32",0.000125,0.001,0,0.755905656668706,0.598335991165447,0.612082196882297,"C3",4,1,"R04_F01","C3_R04_F01"
"ANN_L2","64-32",0.000125,0,0.01,0.757595561957156,0.597618414276464,0.615412162120217,"C3",4,1,"R04_F01","C3_R04_F01"
"ANN_L1_L2","64-32",0.000125,0.001,0.001,0.755505709494226,0.598794703383142,0.611625978420965,"C3",4,1,"R04_F01","C3_R04_F01"
"ANN_0","64-32",0.000125,0,0,0.763528714322095,0.56604832699982,0.626365202539715,"C3",4,2,"R04_F02","C3_R04_F02"
"ANN_L1","64-32",0.000125,1e-05,0,0.762870270996256,0.568499776796595,0.622917091410177,"C3",4,2,"R04_F02","C3_R04_F02"
"ANN_L2","64-32",0.000125,0,0.001,0.762728328389565,0.568717025195134,0.622764227039777,"C3",4,2,"R04_F02","C3_R04_F02"
"ANN_L1_L2","64-32",0.000125,0.001,0.01,0.762724878433446,0.568946342045063,0.623348687723657,"C3",4,2,"R04_F02","C3_R04_F02"
"ANN_0","64-32",0.000125,0,0,0.776900965219301,0.596582234421048,0.635319012023487,"C3",4,3,"R04_F03","C3_R04_F03"
"ANN_L1","64-32",0.000125,0.001,0,0.776489679645225,0.590258969012565,0.626467086366532,"C3",4,3,"R04_F03","C3_R04_F03"
"ANN_L2","64-32",0.000125,0,1e-04,0.780554240889665,0.590009638188223,0.632867520610278,"C3",4,3,"R04_F03","C3_R04_F03"
"ANN_L1_L2","64-32",0.000125,0.001,1e-04,0.776454725469248,0.590309239138298,0.626437528156925,"C3",4,3,"R04_F03","C3_R04_F03"
"ANN_0","32-16",0.001,0,0,0.75590800177038,0.560325055785354,0.62272057147886,"C3",4,4,"R04_F04","C3_R04_F04"
"ANN_L1","32-16",0.001,0.01,0,0.778755803929419,0.5208368779135,0.631278209508325,"C3",4,4,"R04_F04","C3_R04_F04"
"ANN_L2","32-16",0.001,0,0.001,0.778652414281588,0.538051586918495,0.633098852888799,"C3",4,4,"R04_F04","C3_R04_F04"
"ANN_L1_L2","32-16",0.001,0.01,1e-04,0.778055546709619,0.520995114380947,0.63062032206002,"C3",4,4,"R04_F04","C3_R04_F04"
"ANN_0","64-32",0.000125,0,0,0.74047490989475,0.620693779138443,0.602582272158,"C3",4,5,"R04_F05","C3_R04_F05"
"ANN_L1","64-32",0.000125,1e-04,0,0.750362568379044,0.609332246080188,0.613474660471319,"C3",4,5,"R04_F05","C3_R04_F05"
"ANN_L2","64-32",0.000125,0,0.01,0.750505284195704,0.609104863706651,0.613553535298098,"C3",4,5,"R04_F05","C3_R04_F05"
"ANN_L1_L2","64-32",0.000125,1e-04,0.01,0.750280121201506,0.609382560577068,0.613162453402976,"C3",4,5,"R04_F05","C3_R04_F05"
"ANN_0","64-32",0.000125,0,0,0.768335710821275,0.570228208583098,0.626706702047202,"C3",5,1,"R05_F01","C3_R05_F01"
"ANN_L1","64-32",0.000125,0.001,0,0.769768082922928,0.567211021787955,0.625303754721701,"C3",5,1,"R05_F01","C3_R05_F01"
"ANN_L2","64-32",0.000125,0,1e-04,0.768848751622387,0.570658141859689,0.624537368842708,"C3",5,1,"R05_F01","C3_R05_F01"
"ANN_L1_L2","64-32",0.000125,0.001,1e-04,0.769777830881094,0.567223728421773,0.625338534417197,"C3",5,1,"R05_F01","C3_R05_F01"
"ANN_0","64-32",0.000125,0,0,0.764357080742238,0.589033321006742,0.620823458829874,"C3",5,2,"R05_F02","C3_R05_F02"
"ANN_L1","64-32",0.000125,0.001,0,0.775361665386617,0.576613066025398,0.634106718267999,"C3",5,2,"R05_F02","C3_R05_F02"
"ANN_L2","64-32",0.000125,0,0.01,0.776040087971628,0.576750750719866,0.635188653791295,"C3",5,2,"R05_F02","C3_R05_F02"
"ANN_L1_L2","64-32",0.000125,0.001,0.01,0.774740048799028,0.576778661405223,0.633372891019137,"C3",5,2,"R05_F02","C3_R05_F02"
"ANN_0","64-32",0.000125,0,0,0.749031812878716,0.603207317459858,0.612391701301973,"C3",5,3,"R05_F03","C3_R05_F03"
"ANN_L1","64-32",0.000125,0.001,0,0.754725134877183,0.59132727003906,0.614840268488764,"C3",5,3,"R05_F03","C3_R05_F03"
"ANN_L2","64-32",0.000125,0,1e-05,0.759322035030893,0.591698315766294,0.617535822567652,"C3",5,3,"R05_F03","C3_R05_F03"
"ANN_L1_L2","64-32",0.000125,0.001,1e-05,0.754816714796297,0.591193694257954,0.614982449151523,"C3",5,3,"R05_F03","C3_R05_F03"
"ANN_0","64-32",0.00025,0,0,0.752288412237444,0.606823359537908,0.60509726998164,"C3",5,4,"R05_F04","C3_R05_F04"
"ANN_L1","64-32",0.00025,0.001,0,0.751516212018577,0.612588337299905,0.603922876978773,"C3",5,4,"R05_F04","C3_R05_F04"
"ANN_L2","64-32",0.00025,0,0.001,0.753079029183248,0.610971920269507,0.604194618284204,"C3",5,4,"R05_F04","C3_R05_F04"
"ANN_L1_L2","64-32",0.00025,0.001,0.01,0.746838268657341,0.612798126544703,0.601608622621953,"C3",5,4,"R05_F04","C3_R05_F04"
"ANN_0","32-16",5e-04,0,0,0.763674423916526,0.602243638695308,0.615920057916312,"C3",5,5,"R05_F05","C3_R05_F05"
"ANN_L1","32-16",5e-04,1e-04,0,0.790207136811282,0.570980072255536,0.635489569465532,"C3",5,5,"R05_F05","C3_R05_F05"
"ANN_L2","32-16",5e-04,0,0.001,0.790077652263654,0.571285999820201,0.635346693783823,"C3",5,5,"R05_F05","C3_R05_F05"
"ANN_L1_L2","32-16",5e-04,1e-04,0.01,0.789388345461623,0.572048607929922,0.635453869438033,"C3",5,5,"R05_F05","C3_R05_F05"
"ANN_0","16-8",0.001,0,0,0.707290077812818,0.575997112144354,0.575696074527909,"C4",1,1,"R01_F01","C4_R01_F01"
"ANN_L1","16-8",0.001,0.001,0,0.736571739536838,0.554600696596281,0.593132241152133,"C4",1,1,"R01_F01","C4_R01_F01"
"ANN_L2","16-8",0.001,0,0.01,0.740286421671197,0.557070830963321,0.597225299732462,"C4",1,1,"R01_F01","C4_R01_F01"
"ANN_L1_L2","16-8",0.001,0.001,0.001,0.73328484579032,0.560421959981459,0.590313300078969,"C4",1,1,"R01_F01","C4_R01_F01"
"ANN_0","64-32",0.000125,0,0,0.679372508959119,0.58939895773817,0.554634978818409,"C4",1,2,"R01_F02","C4_R01_F02"
"ANN_L1","64-32",0.000125,1e-05,0,0.684066007500059,0.584743412114543,0.561767731996449,"C4",1,2,"R01_F02","C4_R01_F02"
"ANN_L2","64-32",0.000125,0,0.001,0.684117012516867,0.584589494144471,0.561786311211326,"C4",1,2,"R01_F02","C4_R01_F02"
"ANN_L1_L2","64-32",0.000125,1e-04,1e-04,0.683146884561188,0.586028694838883,0.560621785773855,"C4",1,2,"R01_F02","C4_R01_F02"
"ANN_0","32-16",0.000125,0,0,0.697441178736403,0.573317145317004,0.562258158999013,"C4",1,3,"R01_F03","C4_R01_F03"
"ANN_L1","32-16",0.000125,1e-04,0,0.693902027157034,0.581957900605957,0.560343500975544,"C4",1,3,"R01_F03","C4_R01_F03"
"ANN_L2","32-16",0.000125,0,1e-05,0.694015825366711,0.581729219502687,0.560382281872436,"C4",1,3,"R01_F03","C4_R01_F03"
"ANN_L1_L2","32-16",0.000125,0.001,0.01,0.693671373140452,0.581660190381574,0.560272106287388,"C4",1,3,"R01_F03","C4_R01_F03"
"ANN_0","32-16",0.000125,0,0,0.690476036816307,0.599646721461239,0.567438732256548,"C4",1,4,"R01_F04","C4_R01_F04"
"ANN_L1","32-16",0.000125,0.001,0,0.699324788074807,0.594020103624366,0.570083803738648,"C4",1,4,"R01_F04","C4_R01_F04"
"ANN_L2","32-16",0.000125,0,0.01,0.701089375102322,0.591927592658459,0.571738980179265,"C4",1,4,"R01_F04","C4_R01_F04"
"ANN_L1_L2","32-16",0.000125,0.001,1e-04,0.69898192598878,0.594243680724106,0.569671059237622,"C4",1,4,"R01_F04","C4_R01_F04"
"ANN_0","64-32",0.000125,0,0,0.706386475921566,0.586852082912574,0.57716101108255,"C4",1,5,"R01_F05","C4_R01_F05"
"ANN_L1","64-32",0.000125,1e-04,0,0.692891208475155,0.6037389228813,0.567468718033433,"C4",1,5,"R01_F05","C4_R01_F05"
"ANN_L2","64-32",0.000125,0,1e-05,0.693006700350721,0.603541436373838,0.567563543381355,"C4",1,5,"R01_F05","C4_R01_F05"
"ANN_L1_L2","64-32",0.000125,1e-04,1e-05,0.692899865077171,0.603738489938821,0.567476563149058,"C4",1,5,"R01_F05","C4_R01_F05"
"ANN_0","64-32",0.000125,0,0,0.704497116904253,0.594811207487142,0.569642621376542,"C4",2,1,"R02_F01","C4_R02_F01"
"ANN_L1","64-32",0.000125,0.001,0,0.701818788803314,0.598431092291458,0.567860584509495,"C4",2,1,"R02_F01","C4_R02_F01"
"ANN_L2","64-32",0.000125,0,1e-04,0.701533061771079,0.598608163341708,0.568615540550758,"C4",2,1,"R02_F01","C4_R02_F01"
"ANN_L1_L2","64-32",0.000125,1e-05,0.01,0.701513778716715,0.598697685873107,0.56864656215178,"C4",2,1,"R02_F01","C4_R02_F01"
"ANN_0","32-16",0.000125,0,0,0.696885875944827,0.579247043964428,0.569472325799128,"C4",2,2,"R02_F02","C4_R02_F02"
"ANN_L1","32-16",0.000125,1e-05,0,0.703977447003008,0.579839345725189,0.578288655446877,"C4",2,2,"R02_F02","C4_R02_F02"
"ANN_L2","32-16",0.000125,0,1e-04,0.70374827611604,0.579851703217711,0.578579920993306,"C4",2,2,"R02_F02","C4_R02_F02"
"ANN_L1_L2","32-16",0.000125,1e-04,1e-04,0.703959405544818,0.580994737637125,0.578312068153421,"C4",2,2,"R02_F02","C4_R02_F02"
"ANN_0","64-32",0.00025,0,0,0.687132250051748,0.592690951389977,0.565560141509937,"C4",2,3,"R02_F03","C4_R02_F03"
"ANN_L1","64-32",0.00025,0.001,0,0.685677527022358,0.590351098718454,0.562191225335089,"C4",2,3,"R02_F03","C4_R02_F03"
"ANN_L2","64-32",0.00025,0,1e-04,0.686843730889556,0.588888571714052,0.56304756610209,"C4",2,3,"R02_F03","C4_R02_F03"
"ANN_L1_L2","64-32",0.00025,0.001,0.01,0.68546282407129,0.589744839029689,0.562101104231859,"C4",2,3,"R02_F03","C4_R02_F03"
"ANN_0","16-8",5e-04,0,0,0.699394890503253,0.56762439137454,0.572258160644187,"C4",2,4,"R02_F04","C4_R02_F04"
"ANN_L1","16-8",5e-04,1e-05,0,0.701628453789035,0.575016854871485,0.572523908821366,"C4",2,4,"R02_F04","C4_R02_F04"
"ANN_L2","16-8",5e-04,0,0.001,0.701366476737804,0.57533577205092,0.572337078036498,"C4",2,4,"R02_F04","C4_R02_F04"
"ANN_L1_L2","16-8",5e-04,1e-05,0.001,0.701475140462137,0.57513634823132,0.572485536115734,"C4",2,4,"R02_F04","C4_R02_F04"
"ANN_0","16",0.00025,0,0,0.72129157872177,0.574541117753982,0.588321128890095,"C4",2,5,"R02_F05","C4_R02_F05"
"ANN_L1","16",0.00025,0.01,0,0.712368782789968,0.567673078782601,0.571056035820199,"C4",2,5,"R02_F05","C4_R02_F05"
"ANN_L2","16",0.00025,0,1e-04,0.729741864749063,0.561453607600742,0.586028566724082,"C4",2,5,"R02_F05","C4_R02_F05"
"ANN_L1_L2","16",0.00025,0.01,1e-05,0.71236832875007,0.56767375529892,0.571055866632175,"C4",2,5,"R02_F05","C4_R02_F05"
"ANN_0","32-16",0.00025,0,0,0.697808440345407,0.57834154953024,0.570224385515546,"C4",3,1,"R03_F01","C4_R03_F01"
"ANN_L1","32-16",0.00025,0.001,0,0.710507650492548,0.581547304566931,0.57698696369291,"C4",3,1,"R03_F01","C4_R03_F01"
"ANN_L2","32-16",0.00025,0,0.01,0.712664695692196,0.57716551139194,0.578965697289592,"C4",3,1,"R03_F01","C4_R03_F01"
"ANN_L1_L2","32-16",0.00025,0.001,0.01,0.709961126145082,0.582436328561158,0.576737528664974,"C4",3,1,"R03_F01","C4_R03_F01"
"ANN_0","64-32",0.00025,0,0,0.67869133937185,0.574567595868001,0.554229905677757,"C4",3,2,"R03_F02","C4_R03_F02"
"ANN_L1","64-32",0.00025,0.001,0,0.681201927362247,0.569094755270039,0.554823908566806,"C4",3,2,"R03_F02","C4_R03_F02"
"ANN_L2","64-32",0.00025,0,0.001,0.682598081858437,0.569677782454287,0.557801309596818,"C4",3,2,"R03_F02","C4_R03_F02"
"ANN_L1_L2","64-32",0.00025,0.001,0.01,0.681268997397551,0.568030314977445,0.55470624261473,"C4",3,2,"R03_F02","C4_R03_F02"
"ANN_0","32-16",0.000125,0,0,0.689323814683959,0.601899945441527,0.557190558438569,"C4",3,3,"R03_F03","C4_R03_F03"
"ANN_L1","32-16",0.000125,0.001,0,0.689880386478704,0.60255370776813,0.559038167336408,"C4",3,3,"R03_F03","C4_R03_F03"
"ANN_L2","32-16",0.000125,0,1e-04,0.691503944214207,0.600431679966028,0.560478431920164,"C4",3,3,"R03_F03","C4_R03_F03"
"ANN_L1_L2","32-16",0.000125,0.001,1e-05,0.689389255502845,0.603403704391754,0.558725786777811,"C4",3,3,"R03_F03","C4_R03_F03"
"ANN_0","16-8",0.000125,0,0,0.711993421529022,0.582392278467183,0.577588580386579,"C4",3,4,"R03_F04","C4_R03_F04"
"ANN_L1","16-8",0.000125,1e-05,0,0.718721890168245,0.582912215394642,0.585870877059129,"C4",3,4,"R03_F04","C4_R03_F04"
"ANN_L2","16-8",0.000125,0,1e-04,0.721261458015028,0.58195501254357,0.587949425243774,"C4",3,4,"R03_F04","C4_R03_F04"
"ANN_L1_L2","16-8",0.000125,1e-05,1e-05,0.718306601596166,0.58358786003567,0.585531137941328,"C4",3,4,"R03_F04","C4_R03_F04"
"ANN_0","64-32",0.000125,0,0,0.702817402867256,0.582533492937405,0.572803868849377,"C4",3,5,"R03_F05","C4_R03_F05"
"ANN_L1","64-32",0.000125,0.001,0,0.702758261576804,0.586364725459625,0.57432947312094,"C4",3,5,"R03_F05","C4_R03_F05"
"ANN_L2","64-32",0.000125,0,0.01,0.703043742179799,0.586328180627877,0.574297080888832,"C4",3,5,"R03_F05","C4_R03_F05"
"ANN_L1_L2","64-32",0.000125,0.001,0.01,0.700329894367152,0.587602396161351,0.572484990205986,"C4",3,5,"R03_F05","C4_R03_F05"
"ANN_0","32-16",0.000125,0,0,0.701689015129395,0.588592908202123,0.579282670622194,"C4",4,1,"R04_F01","C4_R04_F01"
"ANN_L1","32-16",0.000125,0.001,0,0.703588979711589,0.586952683093974,0.576846516950433,"C4",4,1,"R04_F01","C4_R04_F01"
"ANN_L2","32-16",0.000125,0,1e-04,0.705455356964475,0.586766829324996,0.578531322228998,"C4",4,1,"R04_F01","C4_R04_F01"
"ANN_L1_L2","32-16",0.000125,0.001,0.001,0.703490661395173,0.58681581085609,0.576974503171579,"C4",4,1,"R04_F01","C4_R04_F01"
"ANN_0","16",0.000125,0,0,0.688592824417723,0.586638436131205,0.554936507100257,"C4",4,2,"R04_F02","C4_R04_F02"
"ANN_L1","16",0.000125,1e-05,0,0.680093957284142,0.60640315020744,0.55265739077009,"C4",4,2,"R04_F02","C4_R04_F02"
"ANN_L2","16",0.000125,0,0.01,0.680082419887082,0.606408131271118,0.55264471953044,"C4",4,2,"R04_F02","C4_R04_F02"
"ANN_L1_L2","16",0.000125,1e-05,0.01,0.680083142090841,0.606406508884988,0.552646770283868,"C4",4,2,"R04_F02","C4_R04_F02"
"ANN_0","64-32",0.000125,0,0,0.688768054884271,0.602179311450132,0.561483787395767,"C4",4,3,"R04_F03","C4_R04_F03"
"ANN_L1","64-32",0.000125,0.001,0,0.685009750134023,0.604194140607679,0.559192601991118,"C4",4,3,"R04_F03","C4_R04_F03"
"ANN_L2","64-32",0.000125,0,1e-05,0.685214064550636,0.604727115638017,0.559713642966274,"C4",4,3,"R04_F03","C4_R04_F03"
"ANN_L1_L2","64-32",0.000125,0.001,1e-04,0.685002413314064,0.60419931107569,0.559184138241907,"C4",4,3,"R04_F03","C4_R04_F03"
"ANN_0","64-32",0.000125,0,0,0.693426623860391,0.567722516977179,0.565107307564827,"C4",4,4,"R04_F04","C4_R04_F04"
"ANN_L1","64-32",0.000125,1e-04,0,0.698415376879583,0.561841776489689,0.570083134134073,"C4",4,4,"R04_F04","C4_R04_F04"
"ANN_L2","64-32",0.000125,0,0.01,0.698369834488588,0.561811954620787,0.570000542280529,"C4",4,4,"R04_F04","C4_R04_F04"
"ANN_L1_L2","64-32",0.000125,0.001,0.01,0.697989444335021,0.560852147889766,0.568920005600951,"C4",4,4,"R04_F04","C4_R04_F04"
"ANN_0","32",0.000125,0,0,0.706358585453676,0.574312027983601,0.574102980064677,"C4",4,5,"R04_F05","C4_R04_F05"
"ANN_L1","32",0.000125,0.01,0,0.720122059994765,0.546009629923868,0.58582410477506,"C4",4,5,"R04_F05","C4_R04_F05"
"ANN_L2","32",0.000125,0,0.001,0.722188373184387,0.549912595898534,0.584638357448943,"C4",4,5,"R04_F05","C4_R04_F05"
"ANN_L1_L2","32",0.000125,0.01,1e-05,0.720124712898812,0.546006023058227,0.585826152793833,"C4",4,5,"R04_F05","C4_R04_F05"
"ANN_0","64-32",0.00025,0,0,0.695294937956426,0.595186094766431,0.565542361734225,"C4",5,1,"R05_F01","C4_R05_F01"
"ANN_L1","64-32",0.00025,0.001,0,0.704881873314409,0.570802126103737,0.573903729389209,"C4",5,1,"R05_F01","C4_R05_F01"
"ANN_L2","64-32",0.00025,0,0.01,0.705575359451308,0.570585754770609,0.574819824518809,"C4",5,1,"R05_F01","C4_R05_F01"
"ANN_L1_L2","64-32",0.00025,0.001,0.001,0.704681431977613,0.571133597285664,0.573763354407227,"C4",5,1,"R05_F01","C4_R05_F01"
"ANN_0","64-32",5e-04,0,0,0.679130911106343,0.612992153912231,0.553526491176139,"C4",5,2,"R05_F02","C4_R05_F02"
"ANN_L1","64-32",5e-04,1e-05,0,0.68895210233522,0.604733762643959,0.558566187561805,"C4",5,2,"R05_F02","C4_R05_F02"
"ANN_L2","64-32",5e-04,0,0.01,0.690140580613695,0.603685998702231,0.559706753184325,"C4",5,2,"R05_F02","C4_R05_F02"
"ANN_L1_L2","64-32",5e-04,0.001,0.01,0.688998900082595,0.602190279846518,0.558156173751457,"C4",5,2,"R05_F02","C4_R05_F02"
"ANN_0","64-32",0.000125,0,0,0.697426104702605,0.586289998557243,0.56859167243152,"C4",5,3,"R05_F03","C4_R05_F03"
"ANN_L1","64-32",0.000125,0.001,0,0.703895231509842,0.575455558105082,0.573649408898035,"C4",5,3,"R05_F03","C4_R05_F03"
"ANN_L2","64-32",0.000125,0,0.001,0.704287864286638,0.575823308930551,0.574753651709199,"C4",5,3,"R05_F03","C4_R05_F03"
"ANN_L1_L2","64-32",0.000125,0.001,0.01,0.701342593851075,0.578887553322431,0.572008332776316,"C4",5,3,"R05_F03","C4_R05_F03"
"ANN_0","64-32",5e-04,0,0,0.679666469979329,0.598515112502758,0.553667915821568,"C4",5,4,"R05_F04","C4_R05_F04"
"ANN_L1","64-32",5e-04,1e-05,0,0.695089915658879,0.586819623561042,0.566918206915298,"C4",5,4,"R05_F04","C4_R05_F04"
"ANN_L2","64-32",5e-04,0,0.001,0.695271194023523,0.586516892245896,0.56688461624516,"C4",5,4,"R05_F04","C4_R05_F04"
"ANN_L1_L2","64-32",5e-04,1e-05,0.01,0.694823734452177,0.587063246215549,0.566623897790739,"C4",5,4,"R05_F04","C4_R05_F04"
"ANN_0","64-32",0.000125,0,0,0.697535706294865,0.588545670637043,0.568765937033471,"C4",5,5,"R05_F05","C4_R05_F05"
"ANN_L1","64-32",0.000125,1e-05,0,0.706832505045062,0.574466397047103,0.573845949141883,"C4",5,5,"R05_F05","C4_R05_F05"
"ANN_L2","64-32",0.000125,0,1e-04,0.706861685215395,0.574412000731832,0.573808268140035,"C4",5,5,"R05_F05","C4_R05_F05"
"ANN_L1_L2","64-32",0.000125,1e-05,1e-04,0.706791634019588,0.57453490728795,0.573802756287425,"C4",5,5,"R05_F05","C4_R05_F05"
"ANN_0","32",0.000125,0,0,0.74764612762266,0.475507565516881,0.615307288190349,"C5",1,1,"R01_F01","C5_R01_F01"
"ANN_L1","32",0.000125,0.01,0,0.762429489198428,0.445523329030336,0.621904976294851,"C5",1,1,"R01_F01","C5_R01_F01"
"ANN_L2","32",0.000125,0,0.01,0.766489110808099,0.442265581637711,0.624792037872061,"C5",1,1,"R01_F01","C5_R01_F01"
"ANN_L1_L2","32",0.000125,0.01,1e-04,0.762016107847542,0.446062285269216,0.621442610943083,"C5",1,1,"R01_F01","C5_R01_F01"
"ANN_0","32-16",0.00025,0,0,0.743700830773425,0.46386755118355,0.605428869229024,"C5",1,2,"R01_F02","C5_R01_F02"
"ANN_L1","32-16",0.00025,0.001,0,0.741765431255687,0.470111040806856,0.603562963989987,"C5",1,2,"R01_F02","C5_R01_F02"
"ANN_L2","32-16",0.00025,0,0.01,0.742565723252163,0.468681898440405,0.604678403616385,"C5",1,2,"R01_F02","C5_R01_F02"
"ANN_L1_L2","32-16",0.00025,0.001,1e-05,0.741665333564642,0.470341240412012,0.603549720533279,"C5",1,2,"R01_F02","C5_R01_F02"
"ANN_0","64-32",0.000125,0,0,0.753160167112951,0.472681719424563,0.622902921889695,"C5",1,3,"R01_F03","C5_R01_F03"
"ANN_L1","64-32",0.000125,1e-04,0,0.750926851872096,0.475664635134669,0.621936749566725,"C5",1,3,"R01_F03","C5_R01_F03"
"ANN_L2","64-32",0.000125,0,0.001,0.751515270002888,0.475266785139895,0.622773123648904,"C5",1,3,"R01_F03","C5_R01_F03"
"ANN_L1_L2","64-32",0.000125,1e-04,1e-05,0.751482606618627,0.475213325414163,0.622393282408719,"C5",1,3,"R01_F03","C5_R01_F03"
"ANN_0","16-8",0.001,0,0,0.765546305587865,0.45318234545513,0.633527665157728,"C5",1,4,"R01_F04","C5_R01_F04"
"ANN_L1","16-8",0.001,0.01,0,0.781135427330797,0.420630493950969,0.639777282992225,"C5",1,4,"R01_F04","C5_R01_F04"
"ANN_L2","16-8",0.001,0,0.01,0.782576420870364,0.421998755422753,0.643955297075183,"C5",1,4,"R01_F04","C5_R01_F04"
"ANN_L1_L2","16-8",0.001,0.001,0.01,0.779677253282779,0.425757152538789,0.643557450096883,"C5",1,4,"R01_F04","C5_R01_F04"
"ANN_0","64-32",0.000125,0,0,0.751177972374411,0.456613476615586,0.612217638356412,"C5",1,5,"R01_F05","C5_R01_F05"
"ANN_L1","64-32",0.000125,0.001,0,0.751952734904186,0.45086976782336,0.616682442001819,"C5",1,5,"R01_F05","C5_R01_F05"
"ANN_L2","64-32",0.000125,0,0.01,0.753949355835112,0.447829175878512,0.618488179489778,"C5",1,5,"R01_F05","C5_R01_F05"
"ANN_L1_L2","64-32",0.000125,0.001,1e-04,0.751922487708732,0.45099416312162,0.616650384960321,"C5",1,5,"R01_F05","C5_R01_F05"
"ANN_0","64-32",0.001,0,0,0.737456435489051,0.474109308722023,0.605912585464308,"C5",2,1,"R02_F01","C5_R02_F01"
"ANN_L1","64-32",0.001,0.01,0,0.746518295427218,0.464191583401826,0.609269292985046,"C5",2,1,"R02_F01","C5_R02_F01"
"ANN_L2","64-32",0.001,0,0.01,0.772923238924358,0.434728719889496,0.63320936937187,"C5",2,1,"R02_F01","C5_R02_F01"
"ANN_L1_L2","64-32",0.001,0.01,1e-04,0.74634424993022,0.464173929300909,0.60894872032647,"C5",2,1,"R02_F01","C5_R02_F01"
"ANN_0","32",0.000125,0,0,0.745580590289833,0.467336381084793,0.609864353040188,"C5",2,2,"R02_F02","C5_R02_F02"
"ANN_L1","32",0.000125,0.01,0,0.74622641045744,0.461989695887781,0.609698190493964,"C5",2,2,"R02_F02","C5_R02_F02"
"ANN_L2","32",0.000125,0,0.01,0.75206666262502,0.464318095918837,0.615733664659474,"C5",2,2,"R02_F02","C5_R02_F02"
"ANN_L1_L2","32",0.000125,0.01,0.001,0.746187558889899,0.462066745174099,0.609654229970376,"C5",2,2,"R02_F02","C5_R02_F02"
"ANN_0","32-16",0.00025,0,0,0.762817703023677,0.454445609509488,0.626272961507811,"C5",2,3,"R02_F03","C5_R02_F03"
"ANN_L1","32-16",0.00025,1e-05,0,0.773660019922037,0.443752738732528,0.631057521313243,"C5",2,3,"R02_F03","C5_R02_F03"
"ANN_L2","32-16",0.00025,0,0.001,0.772175292402613,0.445199263815855,0.629208038586618,"C5",2,3,"R02_F03","C5_R02_F03"
"ANN_L1_L2","32-16",0.00025,1e-05,0.001,0.773077829041395,0.443863589437122,0.630439116024647,"C5",2,3,"R02_F03","C5_R02_F03"
"ANN_0","64-32",5e-04,0,0,0.755232607223457,0.480424098684075,0.61873720961633,"C5",2,4,"R02_F04","C5_R02_F04"
"ANN_L1","64-32",5e-04,1e-05,0,0.765447664183892,0.458084356251157,0.627611659565068,"C5",2,4,"R02_F04","C5_R02_F04"
"ANN_L2","64-32",5e-04,0,1e-04,0.765432410059191,0.458108776460351,0.627625915445076,"C5",2,4,"R02_F04","C5_R02_F04"
"ANN_L1_L2","64-32",5e-04,1e-05,0.001,0.765364356496288,0.458207032818508,0.627535616940714,"C5",2,4,"R02_F04","C5_R02_F04"
"ANN_0","64-32",5e-04,0,0,0.751972401683234,0.450710042522658,0.616621000692999,"C5",2,5,"R02_F05","C5_R02_F05"
"ANN_L1","64-32",5e-04,0.001,0,0.75220890881999,0.450473366669059,0.618719474430371,"C5",2,5,"R02_F05","C5_R02_F05"
"ANN_L2","64-32",5e-04,0,0.01,0.758195554555844,0.459550798701511,0.625478142304622,"C5",2,5,"R02_F05","C5_R02_F05"
"ANN_L1_L2","64-32",5e-04,0.001,0.01,0.751915510131824,0.450204594773964,0.618489584240944,"C5",2,5,"R02_F05","C5_R02_F05"
"ANN_0","32-16",0.000125,0,0,0.752164192394846,0.456323220598921,0.614230332010262,"C5",3,1,"R03_F01","C5_R03_F01"
"ANN_L1","32-16",0.000125,1e-04,0,0.753992734049862,0.45131595303335,0.617673641245642,"C5",3,1,"R03_F01","C5_R03_F01"
"ANN_L2","32-16",0.000125,0,1e-05,0.753982511893695,0.451557286863613,0.618073990186349,"C5",3,1,"R03_F01","C5_R03_F01"
"ANN_L1_L2","32-16",0.000125,1e-04,1e-04,0.753930436041678,0.451392632449081,0.617645118405054,"C5",3,1,"R03_F01","C5_R03_F01"
"ANN_0","64-32",0.000125,0,0,0.765588220285456,0.439173395551693,0.627565380984278,"C5",3,2,"R03_F02","C5_R03_F02"
"ANN_L1","64-32",0.000125,0.001,0,0.759536168225094,0.442474808401032,0.62571614545506,"C5",3,2,"R03_F02","C5_R03_F02"
"ANN_L2","64-32",0.000125,0,0.01,0.762369923063429,0.439360084597361,0.627424029937145,"C5",3,2,"R03_F02","C5_R03_F02"
"ANN_L1_L2","64-32",0.000125,0.001,0.01,0.759276730203496,0.442381867586738,0.625289295830339,"C5",3,2,"R03_F02","C5_R03_F02"
"ANN_0","64-32",0.00025,0,0,0.740669447588845,0.462749973739912,0.610455784669276,"C5",3,3,"R03_F03","C5_R03_F03"
"ANN_L1","64-32",0.00025,0.001,0,0.74323401816103,0.456169840537753,0.608510163819785,"C5",3,3,"R03_F03","C5_R03_F03"
"ANN_L2","64-32",0.00025,0,0.01,0.744188900230253,0.454243916026148,0.609446214377187,"C5",3,3,"R03_F03","C5_R03_F03"
"ANN_L1_L2","64-32",0.00025,0.001,1e-05,0.743298505718215,0.456024161366813,0.608557784478876,"C5",3,3,"R03_F03","C5_R03_F03"
"ANN_0","32-16",0.000125,0,0,0.758837250849892,0.467493492258328,0.619907059801559,"C5",3,4,"R03_F04","C5_R03_F04"
"ANN_L1","32-16",0.000125,0.01,0,0.770498062561404,0.424305231628248,0.62750269270971,"C5",3,4,"R03_F04","C5_R03_F04"
"ANN_L2","32-16",0.000125,0,0.001,0.7752744811632,0.43372861577332,0.632264275184265,"C5",3,4,"R03_F04","C5_R03_F04"
"ANN_L1_L2","32-16",0.000125,0.01,0.001,0.77040603291536,0.425169544827309,0.627474708733037,"C5",3,4,"R03_F04","C5_R03_F04"
"ANN_0","64-32",0.000125,0,0,0.772610865472536,0.466892749409259,0.63647109009016,"C5",3,5,"R03_F05","C5_R03_F05"
"ANN_L1","64-32",0.000125,0.001,0,0.769999642369545,0.48027940203027,0.63104598613698,"C5",3,5,"R03_F05","C5_R03_F05"
"ANN_L2","64-32",0.000125,0,0.01,0.772611603067596,0.476792771327292,0.63383444312816,"C5",3,5,"R03_F05","C5_R03_F05"
"ANN_L1_L2","64-32",0.000125,0.001,0.01,0.769232032787384,0.480847796910042,0.630487689995153,"C5",3,5,"R03_F05","C5_R03_F05"
"ANN_0","16",0.000125,0,0,0.753080870596925,0.476501218984862,0.626706492637168,"C5",4,1,"R04_F01","C5_R04_F01"
"ANN_L1","16",0.000125,0.01,0,0.757872546689148,0.464658986702891,0.628915101359917,"C5",4,1,"R04_F01","C5_R04_F01"
"ANN_L2","16",0.000125,0,0.01,0.767291395817008,0.451719391857258,0.633734050852704,"C5",4,1,"R04_F01","C5_R04_F01"
"ANN_L1_L2","16",0.000125,0.01,1e-04,0.757871040113538,0.46466185695348,0.628914145079633,"C5",4,1,"R04_F01","C5_R04_F01"
"ANN_0","64-32",0.000125,0,0,0.748450661309063,0.449000727932236,0.606092579926511,"C5",4,2,"R04_F02","C5_R04_F02"
"ANN_L1","64-32",0.000125,0.001,0,0.751329003726708,0.45111047230939,0.607985249318918,"C5",4,2,"R04_F02","C5_R04_F02"
"ANN_L2","64-32",0.000125,0,1e-04,0.752010100624987,0.454638629277228,0.608081452465906,"C5",4,2,"R04_F02","C5_R04_F02"
"ANN_L1_L2","64-32",0.000125,0.001,0.01,0.751004109225091,0.450773438057026,0.607216301845035,"C5",4,2,"R04_F02","C5_R04_F02"
"ANN_0","64-32",5e-04,0,0,0.73338805983272,0.493033481972213,0.600795094226827,"C5",4,3,"R04_F03","C5_R04_F03"
"ANN_L1","64-32",5e-04,0.001,0,0.741669597634517,0.48165598551301,0.606149871607626,"C5",4,3,"R04_F03","C5_R04_F03"
"ANN_L2","64-32",5e-04,0,0.01,0.744251806607373,0.480646050128356,0.608845906590975,"C5",4,3,"R04_F03","C5_R04_F03"
"ANN_L1_L2","64-32",5e-04,0.001,0.01,0.741424685585703,0.482054725186492,0.606067783464281,"C5",4,3,"R04_F03","C5_R04_F03"
"ANN_0","64-32",0.001,0,0,0.759148036562694,0.458481186139501,0.62121661946397,"C5",4,4,"R04_F04","C5_R04_F04"
"ANN_L1","64-32",0.001,0.001,0,0.750718960840651,0.46952367054245,0.610023955964873,"C5",4,4,"R04_F04","C5_R04_F04"
"ANN_L2","64-32",0.001,0,0.01,0.754288514502704,0.468279713022122,0.613771553460254,"C5",4,4,"R04_F04","C5_R04_F04"
"ANN_L1_L2","64-32",0.001,0.001,0.01,0.750541016782924,0.469170258010841,0.609722823830888,"C5",4,4,"R04_F04","C5_R04_F04"
"ANN_0","64-32",0.000125,0,0,0.770769198330615,0.442756452012453,0.633529351056116,"C5",4,5,"R04_F05","C5_R04_F05"
"ANN_L1","64-32",0.000125,1e-04,0,0.77900039796911,0.426765364843096,0.640684504048122,"C5",4,5,"R04_F05","C5_R04_F05"
"ANN_L2","64-32",0.000125,0,1e-04,0.778942453372668,0.42755588866936,0.640711682317873,"C5",4,5,"R04_F05","C5_R04_F05"
"ANN_L1_L2","64-32",0.000125,1e-05,0.01,0.77873955754776,0.427967754329895,0.640700527310462,"C5",4,5,"R04_F05","C5_R04_F05"
"ANN_0","64-32",5e-04,0,0,0.765041189934318,0.453501345719884,0.628568102894974,"C5",5,1,"R05_F01","C5_R05_F01"
"ANN_L1","64-32",5e-04,0.001,0,0.767211188109036,0.449217986885357,0.62632973603271,"C5",5,1,"R05_F01","C5_R05_F01"
"ANN_L2","64-32",5e-04,0,1e-05,0.767511208813256,0.451146326192072,0.626999069682552,"C5",5,1,"R05_F01","C5_R05_F01"
"ANN_L1_L2","64-32",5e-04,0.001,0.01,0.766438007191124,0.450200901144698,0.625862967802409,"C5",5,1,"R05_F01","C5_R05_F01"
"ANN_0","32-16",0.00025,0,0,0.750126812094326,0.425882888267089,0.615855335512256,"C5",5,2,"R05_F02","C5_R05_F02"
"ANN_L1","32-16",0.00025,0.001,0,0.75152476222538,0.425107682156375,0.618738443673303,"C5",5,2,"R05_F02","C5_R05_F02"
"ANN_L2","32-16",0.00025,0,0.01,0.751868348662944,0.425681188200342,0.61775300019192,"C5",5,2,"R05_F02","C5_R05_F02"
"ANN_L1_L2","32-16",0.00025,0.001,0.01,0.750472576198703,0.425962857133891,0.617720682413925,"C5",5,2,"R05_F02","C5_R05_F02"
"ANN_0","32-16",0.00025,0,0,0.757338076007298,0.470910756653225,0.618253765310932,"C5",5,3,"R05_F03","C5_R05_F03"
"ANN_L1","32-16",0.00025,0.001,0,0.765617836434422,0.461194788017987,0.619256573194242,"C5",5,3,"R05_F03","C5_R05_F03"
"ANN_L2","32-16",0.00025,0,0.01,0.774163572479705,0.463420807684693,0.624431493378778,"C5",5,3,"R05_F03","C5_R05_F03"
"ANN_L1_L2","32-16",0.00025,0.001,0.01,0.765447903704012,0.461197970746067,0.619402240642984,"C5",5,3,"R05_F03","C5_R05_F03"
"ANN_0","32",0.000125,0,0,0.759383984192478,0.478210114822667,0.622356938584501,"C5",5,4,"R05_F04","C5_R05_F04"
"ANN_L1","32",0.000125,0.01,0,0.761537037058439,0.44525179067045,0.62138502077758,"C5",5,4,"R05_F04","C5_R05_F04"
"ANN_L2","32",0.000125,0,0.01,0.766605495467291,0.455304061602934,0.631020753699982,"C5",5,4,"R05_F04","C5_R05_F04"
"ANN_L1_L2","32",0.000125,0.01,1e-04,0.761536712828951,0.445250897584671,0.621384710168197,"C5",5,4,"R05_F04","C5_R05_F04"
"ANN_0","64-32",0.000125,0,0,0.761218691626701,0.445365529570454,0.62068597298258,"C5",5,5,"R05_F05","C5_R05_F05"
"ANN_L1","64-32",0.000125,0.001,0,0.763208377957039,0.434519871107481,0.62013297523677,"C5",5,5,"R05_F05","C5_R05_F05"
"ANN_L2","64-32",0.000125,0,1e-04,0.766442237438832,0.431729199143762,0.623745685206145,"C5",5,5,"R05_F05","C5_R05_F05"
"ANN_L1_L2","64-32",0.000125,0.001,0.01,0.76269541055491,0.435193170789022,0.619497906276721,"C5",5,5,"R05_F05","C5_R05_F05"
"ANN_0","64-32",0.000125,0,0,0.656197620589968,0.489891220814243,0.536646752960784,"C6",1,1,"R01_F01","C6_R01_F01"
"ANN_L1","64-32",0.000125,0.001,0,0.660863985408523,0.484506993872296,0.53427480885418,"C6",1,1,"R01_F01","C6_R01_F01"
"ANN_L2","64-32",0.000125,0,0.001,0.661781985426193,0.483706054520421,0.53504057407163,"C6",1,1,"R01_F01","C6_R01_F01"
"ANN_L1_L2","64-32",0.000125,0.001,0.001,0.660379833921769,0.485670301588556,0.533818406751799,"C6",1,1,"R01_F01","C6_R01_F01"
"ANN_0","64-32",0.000125,0,0,0.666647339700779,0.453850716187315,0.540822436290816,"C6",1,2,"R01_F02","C6_R01_F02"
"ANN_L1","64-32",0.000125,1e-05,0,0.671966900943522,0.431732401040452,0.547993582371179,"C6",1,2,"R01_F02","C6_R01_F02"
"ANN_L2","64-32",0.000125,0,1e-05,0.671948421648439,0.431818352335787,0.547952845500784,"C6",1,2,"R01_F02","C6_R01_F02"
"ANN_L1_L2","64-32",0.000125,1e-05,1e-05,0.671970859037798,0.431739553636024,0.547994715609481,"C6",1,2,"R01_F02","C6_R01_F02"
"ANN_0","16",0.000125,0,0,0.645846563145894,0.467313767002578,0.518841098681491,"C6",1,3,"R01_F03","C6_R01_F03"
"ANN_L1","16",0.000125,0.01,0,0.651985758608533,0.449233095739331,0.528209338593297,"C6",1,3,"R01_F03","C6_R01_F03"
"ANN_L2","16",0.000125,0,0.001,0.658011780421001,0.445329841698533,0.533402193872129,"C6",1,3,"R01_F03","C6_R01_F03"
"ANN_L1_L2","16",0.000125,0.01,0.01,0.651963157121095,0.449183459151259,0.528211021780176,"C6",1,3,"R01_F03","C6_R01_F03"
"ANN_0","32-16",0.001,0,0,0.647438716248828,0.503551544114733,0.52608334020099,"C6",1,4,"R01_F04","C6_R01_F04"
"ANN_L1","32-16",0.001,0.01,0,0.651057283294475,0.486757912083799,0.526601200734659,"C6",1,4,"R01_F04","C6_R01_F04"
"ANN_L2","32-16",0.001,0,0.01,0.653155762212855,0.486057782051922,0.531586105672316,"C6",1,4,"R01_F04","C6_R01_F04"
"ANN_L1_L2","32-16",0.001,0.01,1e-05,0.651061719814934,0.486817856835688,0.52660001878724,"C6",1,4,"R01_F04","C6_R01_F04"
"ANN_0","64-32",5e-04,0,0,0.649174539199056,0.478702327630005,0.529984414309073,"C6",1,5,"R01_F05","C6_R01_F05"
"ANN_L1","64-32",5e-04,1e-05,0,0.652284371820341,0.478119362582237,0.530104991377402,"C6",1,5,"R01_F05","C6_R01_F05"
"ANN_L2","64-32",5e-04,0,0.01,0.652239064860439,0.478121458575727,0.530033206230063,"C6",1,5,"R01_F05","C6_R01_F05"
"ANN_L1_L2","64-32",5e-04,1e-05,0.01,0.652190729629822,0.478384681296896,0.530086681170981,"C6",1,5,"R01_F05","C6_R01_F05"
"ANN_0","64-32",0.000125,0,0,0.642783321841229,0.479015686275237,0.523923949157025,"C6",2,1,"R02_F01","C6_R02_F01"
"ANN_L1","64-32",0.000125,0.001,0,0.644427877637844,0.474963826376575,0.523678027462798,"C6",2,1,"R02_F01","C6_R02_F01"
"ANN_L2","64-32",0.000125,0,1e-04,0.645087085245678,0.473647218638198,0.523880377691077,"C6",2,1,"R02_F01","C6_R02_F01"
"ANN_L1_L2","64-32",0.000125,0.001,1e-04,0.644196044569209,0.475128114019254,0.523450882152397,"C6",2,1,"R02_F01","C6_R02_F01"
"ANN_0","64-32",5e-04,0,0,0.661961071859826,0.485028904500009,0.535154659659291,"C6",2,2,"R02_F02","C6_R02_F02"
"ANN_L1","64-32",5e-04,1e-04,0,0.663253936275685,0.474604601762275,0.542457913882487,"C6",2,2,"R02_F02","C6_R02_F02"
"ANN_L2","64-32",5e-04,0,1e-04,0.663392204142403,0.474174069908241,0.542620821004307,"C6",2,2,"R02_F02","C6_R02_F02"
"ANN_L1_L2","64-32",5e-04,1e-04,1e-04,0.663531427738515,0.474093448443954,0.542694020359266,"C6",2,2,"R02_F02","C6_R02_F02"
"ANN_0","64-32",5e-04,0,0,0.648885028637197,0.495522591071864,0.527076553766522,"C6",2,3,"R02_F03","C6_R02_F03"
"ANN_L1","64-32",5e-04,0.001,0,0.663821110500291,0.478919290354267,0.543111956240405,"C6",2,3,"R02_F03","C6_R02_F03"
"ANN_L2","64-32",5e-04,0,0.01,0.667669819780657,0.478573921767199,0.545468865549215,"C6",2,3,"R02_F03","C6_R02_F03"
"ANN_L1_L2","64-32",5e-04,0.001,0.01,0.662805379558431,0.480908491405473,0.541767918960483,"C6",2,3,"R02_F03","C6_R02_F03"
"ANN_0","64-32",5e-04,0,0,0.65942797972108,0.474358871593905,0.533257027587492,"C6",2,4,"R02_F04","C6_R02_F04"
"ANN_L1","64-32",5e-04,1e-04,0,0.66512054100114,0.468195360945071,0.538827635000749,"C6",2,4,"R02_F04","C6_R02_F04"
"ANN_L2","64-32",5e-04,0,0.01,0.665090260296272,0.468535681620064,0.538937746705559,"C6",2,4,"R02_F04","C6_R02_F04"
"ANN_L1_L2","64-32",5e-04,1e-05,0.01,0.665071026125879,0.468513687798851,0.538949998256395,"C6",2,4,"R02_F04","C6_R02_F04"
"ANN_0","64-32",0.000125,0,0,0.627522833213417,0.485607031350347,0.516259297305732,"C6",2,5,"R02_F05","C6_R02_F05"
"ANN_L1","64-32",0.000125,0.001,0,0.63406371823874,0.475118067156863,0.522538192534164,"C6",2,5,"R02_F05","C6_R02_F05"
"ANN_L2","64-32",0.000125,0,0.01,0.635470744585949,0.475288720355471,0.523569663533675,"C6",2,5,"R02_F05","C6_R02_F05"
"ANN_L1_L2","64-32",0.000125,0.001,0.01,0.63363255377417,0.475370684449748,0.52218095199275,"C6",2,5,"R02_F05","C6_R02_F05"
"ANN_0","64-32",5e-04,0,0,0.663191128660581,0.461118304087971,0.543740326541347,"C6",3,1,"R03_F01","C6_R03_F01"
"ANN_L1","64-32",5e-04,0.001,0,0.667434120453978,0.46805107258523,0.544213917426611,"C6",3,1,"R03_F01","C6_R03_F01"
"ANN_L2","64-32",5e-04,0,0.01,0.668374395873594,0.469293639025809,0.544671120978207,"C6",3,1,"R03_F01","C6_R03_F01"
"ANN_L1_L2","64-32",5e-04,0.001,1e-04,0.667346604243198,0.468286947793889,0.544134076698439,"C6",3,1,"R03_F01","C6_R03_F01"
"ANN_0","64-32",5e-04,0,0,0.642805134605486,0.491579920632436,0.521087508691016,"C6",3,2,"R03_F02","C6_R03_F02"
"ANN_L1","64-32",5e-04,1e-04,0,0.646456461420972,0.482220385837436,0.523649011901419,"C6",3,2,"R03_F02","C6_R03_F02"
"ANN_L2","64-32",5e-04,0,0.01,0.646064846354415,0.483681915038501,0.523285265792937,"C6",3,2,"R03_F02","C6_R03_F02"
"ANN_L1_L2","64-32",5e-04,1e-05,1e-05,0.644278061491771,0.485872021818591,0.52263976707221,"C6",3,2,"R03_F02","C6_R03_F02"
"ANN_0","64-32",0.000125,0,0,0.651509644679453,0.482481355116844,0.527161599651513,"C6",3,3,"R03_F03","C6_R03_F03"
"ANN_L1","64-32",0.000125,1e-04,0,0.649981535044865,0.476749242357787,0.527619812667278,"C6",3,3,"R03_F03","C6_R03_F03"
"ANN_L2","64-32",0.000125,0,1e-05,0.649927831741864,0.47683754660838,0.527510908185498,"C6",3,3,"R03_F03","C6_R03_F03"
"ANN_L1_L2","64-32",0.000125,1e-04,1e-05,0.649973162725129,0.476772541642141,0.527614073984771,"C6",3,3,"R03_F03","C6_R03_F03"
"ANN_0","16-8",0.000125,0,0,0.644076279965072,0.464959391643855,0.518975399342159,"C6",3,4,"R03_F04","C6_R03_F04"
"ANN_L1","16-8",0.000125,0.001,0,0.665987473572472,0.432879934635552,0.537873386769845,"C6",3,4,"R03_F04","C6_R03_F04"
"ANN_L2","16-8",0.000125,0,0.01,0.665962843725378,0.435270321873242,0.537128948210054,"C6",3,4,"R03_F04","C6_R03_F04"
"ANN_L1_L2","16-8",0.000125,0.001,0.01,0.663643641749707,0.433286733523511,0.534748159460161,"C6",3,4,"R03_F04","C6_R03_F04"
"ANN_0","64-32",0.00025,0,0,0.65089864406031,0.471553928062977,0.52879917295827,"C6",3,5,"R03_F05","C6_R03_F05"
"ANN_L1","64-32",0.00025,1e-04,0,0.650951308470654,0.464424553258238,0.529444465849768,"C6",3,5,"R03_F05","C6_R03_F05"
"ANN_L2","64-32",0.00025,0,0.001,0.651005286444137,0.464145258783841,0.529448154296485,"C6",3,5,"R03_F05","C6_R03_F05"
"ANN_L1_L2","64-32",0.00025,1e-04,0.01,0.649476616384499,0.464065818568178,0.528545426533071,"C6",3,5,"R03_F05","C6_R03_F05"
"ANN_0","64-32",0.00025,0,0,0.643303499658536,0.487332268738371,0.523963847202073,"C6",4,1,"R04_F01","C6_R04_F01"
"ANN_L1","64-32",0.00025,0.001,0,0.641191594910554,0.488614212787834,0.520830417900191,"C6",4,1,"R04_F01","C6_R04_F01"
"ANN_L2","64-32",0.00025,0,0.01,0.643200613289421,0.483773246715528,0.522454599608656,"C6",4,1,"R04_F01","C6_R04_F01"
"ANN_L1_L2","64-32",0.00025,0.001,0.01,0.641014133098169,0.488922066498885,0.520687999620411,"C6",4,1,"R04_F01","C6_R04_F01"
"ANN_0","64-32",0.000125,0,0,0.654500169931687,0.463946823485072,0.532531020077377,"C6",4,2,"R04_F02","C6_R04_F02"
"ANN_L1","64-32",0.000125,0.001,0,0.650786935103134,0.472849636753468,0.531674870920006,"C6",4,2,"R04_F02","C6_R04_F02"
"ANN_L2","64-32",0.000125,0,1e-05,0.661936832565646,0.455544593485077,0.541317426596251,"C6",4,2,"R04_F02","C6_R04_F02"
"ANN_L1_L2","64-32",0.000125,0.001,1e-04,0.650751889516621,0.472942847088041,0.531638578706614,"C6",4,2,"R04_F02","C6_R04_F02"
"ANN_0","64-32",5e-04,0,0,0.642625994788606,0.488494844177963,0.524577471373257,"C6",4,3,"R04_F03","C6_R04_F03"
"ANN_L1","64-32",5e-04,0.001,0,0.64560722458142,0.495479240873566,0.529394730453849,"C6",4,3,"R04_F03","C6_R04_F03"
"ANN_L2","64-32",5e-04,0,0.01,0.647009218636385,0.500292023631298,0.528859191457326,"C6",4,3,"R04_F03","C6_R04_F03"
"ANN_L1_L2","64-32",5e-04,0.001,0.01,0.645417588576873,0.49572679912152,0.529219184489781,"C6",4,3,"R04_F03","C6_R04_F03"
"ANN_0","64-32",5e-04,0,0,0.659782051593351,0.459168036631041,0.535937998472384,"C6",4,4,"R04_F04","C6_R04_F04"
"ANN_L1","64-32",5e-04,1e-04,0,0.670137950435661,0.437379723713892,0.544146220424695,"C6",4,4,"R04_F04","C6_R04_F04"
"ANN_L2","64-32",5e-04,0,0.01,0.670329534560544,0.436719299038274,0.54408979942951,"C6",4,4,"R04_F04","C6_R04_F04"
"ANN_L1_L2","64-32",5e-04,0.001,0.01,0.669632226003423,0.437144028633506,0.543872392616901,"C6",4,4,"R04_F04","C6_R04_F04"
"ANN_0","32",0.000125,0,0,0.651759689447889,0.467763034467393,0.525150516271195,"C6",4,5,"R04_F05","C6_R04_F05"
"ANN_L1","32",0.000125,0.01,0,0.660852078359431,0.452671636443892,0.534818701200474,"C6",4,5,"R04_F05","C6_R04_F05"
"ANN_L2","32",0.000125,0,0.01,0.662799952169858,0.468273013412522,0.536200932180031,"C6",4,5,"R04_F05","C6_R04_F05"
"ANN_L1_L2","32",0.000125,0.01,0.001,0.6607995488371,0.45293181189575,0.534793957431835,"C6",4,5,"R04_F05","C6_R04_F05"
"ANN_0","32-16",0.00025,0,0,0.645812890796184,0.451102561504893,0.528964626953474,"C6",5,1,"R05_F01","C6_R05_F01"
"ANN_L1","32-16",0.00025,0.001,0,0.651260165601852,0.434388613178956,0.53114193707416,"C6",5,1,"R05_F01","C6_R05_F01"
"ANN_L2","32-16",0.00025,0,0.01,0.651628991656476,0.433743516269383,0.531790164075644,"C6",5,1,"R05_F01","C6_R05_F01"
"ANN_L1_L2","32-16",0.00025,0.001,1e-04,0.651005877842535,0.435102083715334,0.530960077933086,"C6",5,1,"R05_F01","C6_R05_F01"
"ANN_0","32",5e-04,0,0,0.6582670889511,0.494527829691661,0.536455282209495,"C6",5,2,"R05_F02","C6_R05_F02"
"ANN_L1","32",5e-04,0.01,0,0.666362387557099,0.472709903270047,0.543955547214096,"C6",5,2,"R05_F02","C6_R05_F02"
"ANN_L2","32",5e-04,0,1e-05,0.699631737606745,0.416572340095005,0.570015899819262,"C6",5,2,"R05_F02","C6_R05_F02"
"ANN_L1_L2","32",5e-04,0.01,1e-05,0.665490031354693,0.475424157873915,0.542351804107909,"C6",5,2,"R05_F02","C6_R05_F02"
"ANN_0","64-32",0.000125,0,0,0.66235356233926,0.441004158768533,0.540335381047538,"C6",5,3,"R05_F03","C6_R05_F03"
"ANN_L1","64-32",0.000125,0.001,0,0.663189571613403,0.440482880101683,0.535435905206504,"C6",5,3,"R05_F03","C6_R05_F03"
"ANN_L2","64-32",0.000125,0,0.01,0.665633617497791,0.437662171605246,0.536256452532324,"C6",5,3,"R05_F03","C6_R05_F03"
"ANN_L1_L2","64-32",0.000125,0.001,1e-05,0.663188463811831,0.440493523830306,0.535425395490628,"C6",5,3,"R05_F03","C6_R05_F03"
"ANN_0","64-32",5e-04,0,0,0.643601541046663,0.492892503902365,0.519762081197158,"C6",5,4,"R05_F04","C6_R05_F04"
"ANN_L1","64-32",5e-04,1e-04,0,0.652367359087196,0.488927383147476,0.525067814323396,"C6",5,4,"R05_F04","C6_R05_F04"
"ANN_L2","64-32",5e-04,0,1e-04,0.652412112894335,0.48890279282517,0.525103625508211,"C6",5,4,"R05_F04","C6_R05_F04"
"ANN_L1_L2","64-32",5e-04,1e-05,1e-04,0.652331138227706,0.489088485313643,0.525040603801459,"C6",5,4,"R05_F04","C6_R05_F04"
"ANN_0","32-16",5e-04,0,0,0.646425763002173,0.463526136721605,0.528692019964305,"C6",5,5,"R05_F05","C6_R05_F05"
"ANN_L1","32-16",5e-04,1e-04,0,0.649397502856277,0.46235194804915,0.528424546080046,"C6",5,5,"R05_F05","C6_R05_F05"
"ANN_L2","32-16",5e-04,0,0.001,0.649519224375334,0.462057374382365,0.528620035248987,"C6",5,5,"R05_F05","C6_R05_F05"
"ANN_L1_L2","32-16",5e-04,0.001,0.01,0.64925847256542,0.463013962582872,0.527341910313289,"C6",5,5,"R05_F05","C6_R05_F05"
