"Dataset","Scenario","QTL_N","H2_nominal","Repetition","Fold","SplitID","TaskID","Model","N_train","N_test","N_pred_finite","Genetic_Correlation","Genetic_RMSE","Genetic_MAE","Genetic_Bias","Genetic_Slope","Genetic_R2","GEBV_TrueG_Correlation","Phenotype_Correlation","Phenotype_RMSE","Phenotype_MAE","Phenotype_Bias","Phenotype_Slope","Phenotype_R2","Kernel_build_seconds","Fit_seconds","Predict_seconds","Status","Error"
"simulated","C1",8,0.7,1,1,"R01_F01","C1_R01_F01","GBLUP_ADE",800,200,200,0.734176519812927,1.35522136278815,1.1238068891306,0.0663019322850026,0.960977739508573,0.537018229272812,0.734176519812927,0.593771428984377,1.90071551388565,1.58293513789596,0.197227932285003,0.914627257879,0.342412364592036,5.17,16.15,0.0199999999999996,"ok",NA
"simulated","C1",8,0.7,1,2,"R01_F02","C1_R01_F02","GBLUP_ADE",800,200,200,0.732833784654434,1.32837814609874,1.09569373224826,0.0698167354915778,1.00000512158847,0.535762979856912,0.732833784654434,0.586536618053056,1.78697192322246,1.43619045552793,0.0859417354915777,0.90192166997333,0.338426828894389,5.17,13.73,0.0200000000000031,"ok",NA
"simulated","C1",8,0.7,1,3,"R01_F03","C1_R01_F03","GBLUP_ADE",800,200,200,0.752781896449799,1.33421375593976,1.09370635528567,-0.146349216515957,1.11748726033063,0.555063449330203,0.752781896449799,0.670835409254106,1.79809348598841,1.42094876660892,-0.248331216515957,1.18392371872956,0.42825400118518,5.17,11.51,0.0500000000000043,"ok",NA
"simulated","C1",8,0.7,1,4,"R01_F04","C1_R01_F04","GBLUP_ADE",800,200,200,0.728165000381177,1.3185118250119,1.0584515695638,-0.0932498050012333,0.969643836057427,0.527340439613256,0.728165000381176,0.576850935186877,1.85329566268389,1.4724304221663,-0.210225805001233,0.900113420062961,0.319908390634027,5.17,9.86,0.00999999999999801,"ok",NA
"simulated","C1",8,0.7,1,5,"R01_F05","C1_R01_F05","GBLUP_ADE",800,200,200,0.745851449321181,1.25347644910037,1.00749846070777,0.144596292834003,1.03305925408676,0.54973296387772,0.745851449321181,0.64350441823784,1.74382012345481,1.37857560916069,0.216496792834003,1.07666995170774,0.402793073477079,5.17,9.81,0.129999999999995,"ok",NA
"simulated","C1",8,0.7,2,1,"R02_F01","C1_R02_F01","GBLUP_ADE",800,200,200,0.765360115971163,1.285584106648,1.02621819276373,0.0263290219352114,1.07714176010275,0.582596581758416,0.765360115971163,0.673202463733623,1.7610718258867,1.37660327125014,0.126669021935211,1.12524961513017,0.4447138120864,5.17,11.06,0.0300000000000011,"ok",NA
"simulated","C1",8,0.7,2,2,"R02_F02","C1_R02_F02","GBLUP_ADE",800,200,200,0.72631422936714,1.39309012891406,1.112282167108,0.133551721182006,0.987949766409746,0.523070644264621,0.72631422936714,0.590345429850793,1.8533541402742,1.446718861331,0.0527142211820052,0.91137407887465,0.344681939885352,5.17,10.33,0.0300000000000011,"ok",NA
"simulated","C1",8,0.7,2,3,"R02_F03","C1_R02_F03","GBLUP_ADE",800,200,200,0.750175850581112,1.2971893406294,1.03458887679078,-0.237411751511426,1.11258263911506,0.541648276191305,0.750175850581112,0.628641982807986,1.80939241986348,1.47426892067178,-0.225119751511426,1.11918377499847,0.381129174065795,5.17,10.58,0.0100000000000051,"ok",NA
"simulated","C1",8,0.7,2,4,"R02_F04","C1_R02_F04","GBLUP_ADE",800,200,200,0.727724027977396,1.29217802733499,1.06678943244833,-0.00856734222925553,0.887976699261413,0.521132773882125,0.727724027977396,0.590388312922058,1.77454378353087,1.41593199934757,0.0142591577707447,0.840084505163288,0.335885267574869,5.17,11.02,0.0300000000000011,"ok",NA
"simulated","C1",8,0.7,2,5,"R02_F05","C1_R02_F05","GBLUP_ADE",800,200,200,0.72723370090443,1.31286982900234,1.06973964968529,0.0984327315758854,1.05355538156928,0.524831201734039,0.72723370090443,0.606289586025594,1.83109228793842,1.50960920646409,0.0438052315758853,1.06057166115202,0.366025231985192,5.17,9.77,0.0100000000000051,"ok",NA
"simulated","C1",8,0.7,3,1,"R03_F01","C1_R03_F01","GBLUP_ADE",800,200,200,0.776230573460957,1.31137621663136,1.097209991552,0.0416660478365115,1.11203801133468,0.596009993922501,0.776230573460957,0.628992136861409,1.85896051280693,1.54999404841323,0.0667370478365114,1.0431062852745,0.394174667254534,5.17,9.12999999999998,0.0400000000000205,"ok",NA
"simulated","C1",8,0.7,3,2,"R03_F02","C1_R03_F02","GBLUP_ADE",800,200,200,0.762230803744723,1.30609612565912,1.04404435252726,0.0182498846430195,0.972718480949255,0.580456865779285,0.762230803744723,0.588539414340863,1.7522654410167,1.40515223268235,0.0149558846430199,0.793075474854707,0.322749185678136,5.17,10.63,0.0300000000000011,"ok",NA
"simulated","C1",8,0.7,3,3,"R03_F03","C1_R03_F03","GBLUP_ADE",800,200,200,0.675386734536328,1.38661558677275,1.12829308929234,-0.0492703359245429,0.906328826235366,0.450581128374608,0.675386734536328,0.605487503142453,1.77518539067534,1.41237924541562,-0.0517783359245426,0.968105822241549,0.365677545749652,5.17,9.59,0,"ok",NA
"simulated","C1",8,0.7,3,4,"R03_F04","C1_R03_F04","GBLUP_ADE",800,200,200,0.720460230548296,1.3587739863324,1.13227312357934,0.0185248775888981,1.0395666771915,0.518221469261943,0.720460230548296,0.625399480808767,1.84943648502185,1.45577648631351,0.0469158775888973,1.08984760991762,0.38807246970264,5.17,10.71,0.0300000000000011,"ok",NA
"simulated","C1",8,0.7,3,5,"R03_F05","C1_R03_F05","GBLUP_ADE",800,200,200,0.702910966211445,1.29786612071375,1.04811136344384,-0.15450367777485,0.957470621468283,0.485822295454107,0.702910966211445,0.556943946360406,1.9451755911625,1.53346363821298,-0.20217017777485,0.976202383208452,0.302467259745763,5.17,9.78,0.0300000000000011,"ok",NA
"simulated","C1",8,0.7,4,1,"R04_F01","C1_R04_F01","GBLUP_ADE",800,200,200,0.710826232770427,1.37223166401323,1.09957764391054,0.015453798651528,1.04852353194738,0.50412892299639,0.710826232770427,0.614808597805214,1.68603247813492,1.33238252305652,-0.0090032013484722,0.994876207711303,0.377961849046582,5.17,10.05,0.00999999999999091,"ok",NA
"simulated","C1",8,0.7,4,2,"R04_F02","C1_R04_F02","GBLUP_ADE",800,200,200,0.777806899943255,1.29162485632563,1.04127329402022,0.0385050543374974,1.13835852434446,0.595687140545161,0.777806899943255,0.688706892366133,1.79752630526786,1.44463784592076,0.0461040543374974,1.21303685662645,0.459331975028385,5.17,10.6,0.140000000000015,"ok",NA
"simulated","C1",8,0.7,4,3,"R04_F03","C1_R04_F03","GBLUP_ADE",800,200,200,0.711084989948598,1.36030877937992,1.09822922848167,0.0358868731156569,0.992666735543017,0.505269946098014,0.711084989948598,0.587522455678536,1.99651800625667,1.59795637274762,0.0430573731156569,1.04555763115178,0.344222279175263,5.17,12.47,0.0300000000000011,"ok",NA
"simulated","C1",8,0.7,4,4,"R04_F04","C1_R04_F04","GBLUP_ADE",800,200,200,0.745053592872866,1.27028522525021,1.03867919942786,-0.140687426594424,0.956283290686123,0.548405428242374,0.745053592872866,0.621569848074938,1.67969086599247,1.33289910734059,-0.0635389265944235,0.900889289082517,0.380786980211369,5.17,12.36,0.0100000000000193,"ok",NA
"simulated","C1",8,0.7,4,5,"R04_F05","C1_R04_F05","GBLUP_ADE",800,200,200,0.692911350609673,1.39378809102481,1.16628021690221,0.0272358377638473,0.825764515022129,0.458543894298292,0.692911350609673,0.541171922651121,1.91973662581293,1.57104757410628,-0.0402316622361525,0.761871334525739,0.263932936881232,5.17,13.7,0.150000000000006,"ok",NA
"simulated","C1",8,0.7,5,1,"R05_F01","C1_R05_F01","GBLUP_ADE",800,200,200,0.649344191938164,1.49220483459114,1.18333915170524,-0.00282607700382442,0.882888682178985,0.414226942760243,0.649344191938165,0.536394372545499,1.95341463436428,1.54081275636644,-0.043341077003824,0.861077085832244,0.279875278129999,5.17,13.98,0.0300000000000011,"ok",NA
"simulated","C1",8,0.7,5,2,"R05_F02","C1_R05_F02","GBLUP_ADE",800,200,200,0.706878211177248,1.31440086944167,1.08335123039009,0.124629425903724,0.989448147519925,0.495080481308166,0.706878211177248,0.567894712503308,1.89779510347311,1.49181077088344,0.172167425903724,0.986693496882893,0.316823159675661,5.17,14.2,0.0299999999999727,"ok",NA
"simulated","C1",8,0.7,5,3,"R05_F03","C1_R05_F03","GBLUP_ADE",800,200,200,0.747082332964465,1.38891135823394,1.14036620869497,-0.036071827015924,1.15582374226015,0.547682646489399,0.747082332964466,0.665566565276402,1.81288529626381,1.46558350565497,-0.025457327015924,1.1980745030105,0.43075860185277,5.17,10.27,0.0100000000000477,"ok",NA
"simulated","C1",8,0.7,5,4,"R05_F04","C1_R05_F04","GBLUP_ADE",800,200,200,0.776111349160268,1.25579119785176,1.00015744119768,-0.0965311217055955,1.09352958246133,0.595552613733092,0.776111349160268,0.660277843432314,1.7441751677677,1.42504385000729,-0.0909291217055958,1.08982409010204,0.431460023779468,5.17,11.16,0.120000000000005,"ok",NA
"simulated","C1",8,0.7,5,5,"R05_F05","C1_R05_F05","GBLUP_ADE",800,200,200,0.765529468213748,1.1844762057558,0.953287339397923,0.0197780992679361,0.974911840408901,0.585531718180011,0.765529468213748,0.607515322767087,1.66511374817814,1.33439580650068,-0.00346790073206428,0.876443882749993,0.361737189586502,5.17,13.05,0.0500000000000114,"ok",NA
"simulated","C2",40,0.7,1,1,"R01_F01","C2_R01_F01","GBLUP_ADE",800,200,200,0.772725456969549,0.57623315918739,0.450499472023348,0.0195322090981998,1.00972851036966,0.596585694933081,0.772725456969549,0.684836784398896,0.821026339911419,0.617987993481264,0.0242842090982006,1.10636571533027,0.464197764661403,5.17,13.97,0.0300000000000296,"ok",NA
"simulated","C2",40,0.7,1,2,"R01_F02","C2_R01_F02","GBLUP_ADE",800,200,200,0.791276173357061,0.601763707668548,0.484030208228089,-0.0204690706044661,0.912598686762313,0.619935321302695,0.791276173357061,0.690797163372587,0.784639470341901,0.632465286914373,0.0279314293955343,0.877397337560399,0.467207875150504,5.17,12.36,0.140000000000043,"ok",NA
"simulated","C2",40,0.7,1,3,"R01_F03","C2_R01_F03","GBLUP_ADE",800,200,200,0.775041068392139,0.648068707866998,0.515204209220698,0.0468437648130809,1.18207872549065,0.584264589718767,0.775041068392139,0.676012862833791,0.828727359881638,0.637284872564155,0.0353867648130802,1.14490405068677,0.448667780273599,5.17,16.11,0.0300000000000296,"ok",NA
"simulated","C2",40,0.7,1,4,"R01_F04","C2_R01_F04","GBLUP_ADE",800,200,200,0.73220022242975,0.643224106318813,0.518306421069574,0.0803647403845552,0.935418879802306,0.526165144643072,0.73220022242975,0.598707422592302,0.836422533110261,0.673573225777321,0.044153240384556,0.845763593979063,0.344703741323683,5.17,16.92,0.0299999999999727,"ok",NA
"simulated","C2",40,0.7,1,5,"R01_F05","C2_R01_F05","GBLUP_ADE",800,200,200,0.782117272506961,0.592031675248458,0.489057929501641,-0.0683326133549478,1.06679482403488,0.604034311002784,0.782117272506961,0.669603289242586,0.757655211715676,0.609245870702807,-0.0738061133549483,0.98548222993773,0.442985493285455,5.17,14.88,0.0300000000000296,"ok",NA
"simulated","C2",40,0.7,2,1,"R02_F01","C2_R02_F01","GBLUP_ADE",800,200,200,0.799614114371861,0.569902005865701,0.452175364564446,0.0509135628053249,1.02029009329186,0.63622653283289,0.799614114371861,0.677967300130933,0.789810848153749,0.617266532656726,0.0894625628053247,0.977109451813028,0.452361036056569,5.17,10.9,0.0300000000000296,"ok",NA
"simulated","C2",40,0.7,2,2,"R02_F02","C2_R02_F02","GBLUP_ADE",800,200,200,0.77254851931667,0.59345391960524,0.477702468509231,-0.0844387517136348,1.0476593586124,0.587239928467016,0.77254851931667,0.692297178610655,0.769510837070257,0.631171847243219,-0.0963137517136346,1.07301847974503,0.468733367660662,5.17,14.44,0.139999999999986,"ok",NA
"simulated","C2",40,0.7,2,3,"R02_F03","C2_R02_F03","GBLUP_ADE",800,200,200,0.745260469709618,0.62247919789956,0.502014626127241,0.004110897069327,0.965551508163483,0.554686768244419,0.745260469709618,0.630907716426314,0.831637697823787,0.646942022485886,0.0214428970693271,0.937591100983926,0.395879329651983,5.17,15.57,0.0299999999999727,"ok",NA
"simulated","C2",40,0.7,2,4,"R02_F04","C2_R02_F04","GBLUP_ADE",800,200,200,0.738685687591367,0.657825917959896,0.53215502918925,0.0659255053985789,1.00311692550769,0.541041730547337,0.738685687591367,0.659317550096925,0.81736236626409,0.6542037202525,0.0521030053985796,1.00035223040489,0.432393128638109,5.17,17.09,0.0199999999999818,"ok",NA
"simulated","C2",40,0.7,2,5,"R02_F05","C2_R02_F05","GBLUP_ADE",800,200,200,0.815568066974536,0.58335046150371,0.461827007572709,0.00908674991553354,1.09315677356048,0.660238418405323,0.815568066974536,0.697711524032067,0.78319528739625,0.586614591803697,-0.0210862500844663,1.02102934713055,0.486222446897714,5.17,15.53,0.0299999999999727,"ok",NA
"simulated","C2",40,0.7,3,1,"R03_F01","C2_R03_F01","GBLUP_ADE",800,200,200,0.771406256775835,0.564882134002329,0.466794139547768,-0.0474096151747003,0.930015801082297,0.588801488468003,0.771406256775834,0.668936554093349,0.735171098896318,0.585259600423013,-0.0722926151746998,0.896226672861606,0.436023283130585,5.17,15.61,0.120000000000005,"ok",NA
"simulated","C2",40,0.7,3,2,"R03_F02","C2_R03_F02","GBLUP_ADE",800,200,200,0.802235276141829,0.670452903345915,0.536524224453961,0.0384872085780543,1.12296620540512,0.634660653086936,0.802235276141829,0.719663332354891,0.850079794362904,0.661827005517682,0.0773162085780547,1.10222701778066,0.509401977277434,5.17,13.42,0.0299999999999727,"ok",NA
"simulated","C2",40,0.7,3,3,"R03_F03","C2_R03_F03","GBLUP_ADE",800,200,200,0.698472104264477,0.641347845026026,0.51675566052758,0.0645351625224664,0.890400807799264,0.475157465228094,0.698472104264477,0.594124785919077,0.816825973689922,0.644182105178562,0.0688011625224663,0.85943922829849,0.338851863795948,5.17,12.31,0.0200000000000387,"ok",NA
"simulated","C2",40,0.7,3,4,"R03_F04","C2_R03_F04","GBLUP_ADE",800,200,200,0.767614388726662,0.60954025927897,0.491473736158772,0.0613802943901891,1.02559407315803,0.584653129193131,0.767614388726662,0.651498829195366,0.821249696746334,0.644702368346287,0.0693887943901887,0.992701504816628,0.420289313640285,5.17,12.98,0.140000000000043,"ok",NA
"simulated","C2",40,0.7,3,5,"R03_F05","C2_R03_F05","GBLUP_ADE",800,200,200,0.807264297757385,0.556310182333631,0.437270390806827,-0.0622082121001365,1.0721118070213,0.644279339185861,0.807264297757385,0.700566812736803,0.769355030537621,0.606302628403967,-0.0884182121001359,1.0663400274012,0.482053346972098,5.17,12.4299999999999,0.0100000000000477,"ok",NA
"simulated","C2",40,0.7,4,1,"R04_F01","C2_R04_F01","GBLUP_ADE",800,200,200,0.748646020074602,0.614458729707881,0.50224266096763,0.0129618773959714,1.05457742969384,0.558773378230241,0.748646020074602,0.650986058620413,0.787676174358843,0.630736944342323,-0.0297101226040282,1.02764170819064,0.42265484692698,5.17,15.42,0.0199999999999818,"ok",NA
"simulated","C2",40,0.7,4,2,"R04_F02","C2_R04_F02","GBLUP_ADE",800,200,200,0.792195624635783,0.604389798286261,0.486109055311708,-0.0353870611972111,1.01878277563609,0.626078749608946,0.792195624635783,0.656902857824943,0.841651467937181,0.661528348799852,-0.00658356119721212,0.953209511747948,0.430446737288157,5.17,10.6799999999999,0.129999999999995,"ok",NA
"simulated","C2",40,0.7,4,3,"R04_F03","C2_R04_F03","GBLUP_ADE",800,200,200,0.722466086148908,0.597386566273384,0.46012167872852,0.0279155564140311,0.888081531473796,0.512603360635375,0.722466086148908,0.607954584784798,0.744404751389148,0.597303145720727,0.0229715564140314,0.804661450740365,0.347205435550288,5.17,10.86,0.00999999999999091,"ok",NA
"simulated","C2",40,0.7,4,4,"R04_F04","C2_R04_F04","GBLUP_ADE",800,200,200,0.810719585069094,0.602108609015167,0.478420862710694,-0.0994891455073005,1.09308971847308,0.642745450524081,0.810719585069093,0.709310329158026,0.817428650372528,0.643750453046709,-0.110521645507299,1.08728017004058,0.490566232876172,5.17,12.3200000000001,0.00999999999999091,"ok",NA
"simulated","C2",40,0.7,4,5,"R04_F05","C2_R04_F05","GBLUP_ADE",800,200,200,0.773616481514537,0.623995109071688,0.49558205450005,0.134641747510621,0.980069213010168,0.578616032978442,0.773616481514537,0.669579917098507,0.839636131678298,0.631400335669361,0.164497247510622,0.978042620795592,0.426082829879802,5.17,11.84,0.0199999999999818,"ok",NA
"simulated","C2",40,0.7,5,1,"R05_F01","C2_R05_F01","GBLUP_ADE",800,200,200,0.76301301682464,0.62255976203889,0.48607548810877,0.0879638072673304,1.03932927992322,0.572827155841527,0.76301301682464,0.63553439715049,0.852343170671122,0.662570144251103,0.102501307267331,0.996028476387511,0.395150180380199,5.17,16.89,0.0299999999999727,"ok",NA
"simulated","C2",40,0.7,5,2,"R05_F02","C2_R05_F02","GBLUP_ADE",800,200,200,0.719776287917052,0.667031765826897,0.532123686746124,0.089922822596866,0.868717705148862,0.497106619257421,0.719776287917052,0.615911479356254,0.861311019606857,0.656908511175822,0.107337822596866,0.849137674936649,0.35739286267838,5.17,11.7600000000001,0.17999999999995,"ok",NA
"simulated","C2",40,0.7,5,3,"R05_F03","C2_R05_F03","GBLUP_ADE",800,200,200,0.810087376161278,0.565986057542784,0.453754840557521,-0.0611519209361746,1.06853107297245,0.649449956133547,0.810087376161278,0.712500254368222,0.748151105101531,0.617568499130694,-0.0792879209361744,1.04149471122364,0.501249095702821,5.17,16.15,0.0199999999999818,"ok",NA
"simulated","C2",40,0.7,5,4,"R05_F04","C2_R05_F04","GBLUP_ADE",800,200,200,0.781160449299721,0.614331601817926,0.512780373941165,-0.00917226475015539,1.08339870678226,0.606507979934099,0.781160449299721,0.675818790712902,0.806234466756716,0.646156038680197,-0.0204292647501553,1.04570553905966,0.455508908169993,5.17,23.9100000000001,0.0299999999999727,"ok",NA
"simulated","C2",40,0.7,5,5,"R05_F05","C2_R05_F05","GBLUP_ADE",800,200,200,0.765655883832239,0.597112633739841,0.476516588924664,-0.0557914613604241,1.00552222648243,0.582566987937494,0.76565588383224,0.660802311807594,0.766547258718191,0.598153651327403,-0.0583404613604237,0.955416159433904,0.432421174753535,5.17,15.63,0.00999999999999091,"ok",NA
"simulated","C3",80,0.5,1,1,"R01_F01","C3_R01_F01","GBLUP_ADE",800,200,200,0.79682297221042,0.396048685256674,0.315719246086953,-0.0278825547760468,0.944963375883094,0.630943892465715,0.79682297221042,0.575874969311559,0.756491593076061,0.620720222155097,-0.103849054776046,0.959742083641556,0.318199923724397,5.17,13.59,0.0299999999999727,"ok",NA
"simulated","C3",80,0.5,1,2,"R01_F02","C3_R01_F02","GBLUP_ADE",800,200,200,0.823103954121829,0.42402651976617,0.342644560286366,0.0328238969099942,0.910674148643907,0.668998304493412,0.823103954121829,0.574105887646565,0.762101353180162,0.627395107687882,0.101475396909995,0.779907325138217,0.290774587466929,5.17,13.4400000000001,0.169999999999959,"ok",NA
"simulated","C3",80,0.5,1,3,"R01_F03","C3_R01_F03","GBLUP_ADE",800,200,200,0.813706803458504,0.416011032774417,0.333230718288497,0.0350042906158055,1.09951018303761,0.654247426046453,0.813706803458504,0.580320502282782,0.717201015354505,0.592249230202178,0.000554290615806181,0.975931496211578,0.336566658260098,5.17,12.09,0.0199999999999818,"ok",NA
"simulated","C3",80,0.5,1,4,"R01_F04","C3_R01_F04","GBLUP_ADE",800,200,200,0.814308628824465,0.391583903145225,0.305519493394427,0.0152006227014791,1.04035262565724,0.661590998357068,0.814308628824465,0.662221781745671,0.763416736187647,0.6202325857345,0.027490622701479,1.25906016400459,0.419218711489441,5.17,12.14,0.0299999999999727,"ok",NA
"simulated","C3",80,0.5,1,5,"R01_F05","C3_R01_F05","GBLUP_ADE",800,200,200,0.816860064345665,0.413819723380328,0.326702216166438,-0.056165687566822,1.09294559534249,0.656099629414922,0.816860064345665,0.625935183487489,0.743470434457578,0.591817655497245,-0.0266856875668222,1.12614911882842,0.386087662176852,5.17,13.4400000000001,0.149999999999977,"ok",NA
"simulated","C3",80,0.5,2,1,"R02_F01","C3_R02_F01","GBLUP_ADE",800,200,200,0.843314367011515,0.370994550290416,0.294304273547279,0.0337765947542742,1.05662151853223,0.706705813933851,0.843314367011514,0.5951886773418,0.731766447945634,0.605404015278526,0.0781950947542752,0.985574914964979,0.346714043530755,5.17,13.4300000000001,0.0399999999999636,"ok",NA
"simulated","C3",80,0.5,2,2,"R02_F02","C3_R02_F02","GBLUP_ADE",800,200,200,0.774739209384003,0.433515064865582,0.33857186229107,-0.0548863016414873,0.95595579297107,0.592413310193566,0.774739209384003,0.552532878175399,0.738301852693667,0.60235512953627,-0.025028301641487,0.885611606544214,0.299394213391418,5.17,13.7,0.00999999999999091,"ok",NA
"simulated","C3",80,0.5,2,3,"R02_F03","C3_R02_F03","GBLUP_ADE",800,200,200,0.822423840632368,0.39896651328381,0.31477567093339,0.000690772185132502,1.0279437121567,0.675880173626642,0.822423840632368,0.600907394989634,0.757243408645647,0.603472968997691,-0.0134227278148665,1.0151205856415,0.360808745841133,5.17,10.8199999999999,0.0300000000000864,"ok",NA
"simulated","C3",80,0.5,2,4,"R02_F04","C3_R02_F04","GBLUP_ADE",800,200,200,0.802408793718517,0.417796506101465,0.339691193864003,0.0291286617732525,0.99142791598577,0.64207190763296,0.802408793718517,0.621107194079129,0.735241619136786,0.58574965466043,0.0453481617732523,1.02872012263602,0.38312677511338,5.17,14.9399999999999,0.00999999999999091,"ok",NA
"simulated","C3",80,0.5,2,5,"R02_F05","C3_R02_F05","GBLUP_ADE",800,200,200,0.810744608750304,0.421754555999707,0.344980258110331,-0.0134754513031976,1.03810793024334,0.656069960008329,0.810744608750304,0.596484237091535,0.800926176644002,0.670477158103913,-0.089852951303198,1.05236300269671,0.346690160875498,5.17,12.76,0.0300000000000864,"ok",NA
"simulated","C3",80,0.5,3,1,"R03_F01","C3_R03_F01","GBLUP_ADE",800,200,200,0.827690648303627,0.370646538874309,0.29006098161055,-0.0436706997201592,0.955671394192711,0.679143630748944,0.827690648303627,0.550155967582806,0.764493908745881,0.628422329296642,-0.111872199720158,0.87533271557901,0.281138479032822,5.17,12.34,0.139999999999986,"ok",NA
"simulated","C3",80,0.5,3,2,"R03_F02","C3_R03_F02","GBLUP_ADE",800,200,200,0.813193897491326,0.456325452060067,0.362081099183643,-0.0403796219235532,1.03183807023899,0.657976598234762,0.813193897491326,0.651480253931922,0.741027388851711,0.601097529740553,-0.0711561219235526,1.02970092561074,0.418713632858888,5.17,14.2199999999999,0.0300000000000864,"ok",NA
"simulated","C3",80,0.5,3,3,"R03_F03","C3_R03_F03","GBLUP_ADE",800,200,200,0.764048785879229,0.434252803847459,0.339533942878662,0.0942463713571696,0.924708663692766,0.559134579751298,0.764048785879228,0.508202422148884,0.753442148961857,0.608414841161786,0.13384387135717,0.80109270898168,0.217658851501712,5.17,12.8199999999999,0.0299999999999727,"ok",NA
"simulated","C3",80,0.5,3,4,"R03_F04","C3_R03_F04","GBLUP_ADE",800,200,200,0.838061392730009,0.380699489029917,0.295401287833101,-0.0010639752614609,1.05261663736185,0.700589639074371,0.838061392730009,0.653470217135942,0.677465300520949,0.542924424126817,0.00993652473853892,1.05465166880584,0.425753113618009,5.17,13.8100000000001,0.0199999999999818,"ok",NA
"simulated","C3",80,0.5,3,5,"R03_F05","C3_R03_F05","GBLUP_ADE",800,200,200,0.820538100695204,0.394043880470429,0.316395290903866,0.00402886706779547,1.069068168449,0.670438088092418,0.820538100695204,0.611790387622267,0.813464219728679,0.676281367968362,0.0524138670677956,1.18327793549033,0.362662006453223,5.17,11.78,0.129999999999995,"ok",NA
"simulated","C3",80,0.5,4,1,"R04_F01","C3_R04_F01","GBLUP_ADE",800,200,200,0.823495981147693,0.363577438489942,0.291918608485614,-0.0340903236840675,0.999280126993686,0.675290560380907,0.823495981147692,0.564037288330498,0.76259481695076,0.620981208821121,-0.111024323684067,0.980021410761924,0.303237452146508,5.17,10.58,0.00999999999999091,"ok",NA
"simulated","C3",80,0.5,4,2,"R04_F02","C3_R04_F02","GBLUP_ADE",800,200,200,0.82920794598542,0.408047419470803,0.325225600500033,0.0146031414751359,0.994575916587051,0.687164696968076,0.82920794598542,0.65113693719659,0.733733072574191,0.594353550530628,0.0084376414751361,1.0344446467205,0.423432983214855,5.17,11.61,0.0400000000000773,"ok",NA
"simulated","C3",80,0.5,4,3,"R04_F03","C3_R04_F03","GBLUP_ADE",800,200,200,0.779197016235302,0.382611707525224,0.298381089614005,0.0230518077418269,0.901113635020955,0.598378618688947,0.779197016235302,0.571501427105652,0.676529284677315,0.554575815662026,0.082407307741828,0.8926700193135,0.311679320007866,5.17,14.16,0.0199999999999818,"ok",NA
"simulated","C3",80,0.5,4,4,"R04_F04","C3_R04_F04","GBLUP_ADE",800,200,200,0.840650605543885,0.43116281887397,0.348987386806392,-0.0578999552658026,1.1941357184857,0.68228584289565,0.840650605543885,0.68349608479863,0.779088901523567,0.62838868347941,-0.0473574552658022,1.31882659255581,0.437786867277851,5.17,12.63,0.0299999999999727,"ok",NA
"simulated","C3",80,0.5,4,5,"R04_F05","C3_R04_F05","GBLUP_ADE",800,200,200,0.798325881299467,0.436022161594144,0.351149437984433,0.0570750420904569,0.977006051572295,0.630642382682314,0.798325881299467,0.528292270006538,0.777704483672779,0.638327271249733,0.0702815420904565,0.813854200105299,0.258436199331404,5.17,11.5300000000001,0.0199999999999818,"ok",NA
"simulated","C3",80,0.5,5,1,"R05_F01","C3_R05_F01","GBLUP_ADE",800,200,200,0.815016154586116,0.411214135226192,0.335305621037182,0.0247174894438113,1.08669687114179,0.658790651541045,0.815016154586116,0.651362457203544,0.737624151738546,0.598831785032024,0.0362129894438117,1.18705925007023,0.412321014971324,5.17,12.76,0.129999999999995,"ok",NA
"simulated","C3",80,0.5,5,2,"R05_F02","C3_R05_F02","GBLUP_ADE",800,200,200,0.792380686007794,0.42182228094363,0.329969919474632,0.0844775682076871,0.947731359901744,0.610328711914572,0.792380686007794,0.609715779496371,0.711291585487972,0.585086020358397,0.138073068207687,0.949234227764651,0.346048488129896,5.17,12.78,0.0300000000000864,"ok",NA
"simulated","C3",80,0.5,5,3,"R05_F03","C3_R05_F03","GBLUP_ADE",800,200,200,0.809563033805646,0.410324241961774,0.332580062808688,-0.0518728055509704,1.01843932181851,0.649577081175029,0.809563033805647,0.639840268448002,0.726379517420452,0.584500112400041,-0.0252608055509695,1.09412386655256,0.405646993066214,5.17,11.2299999999999,0.0300000000000864,"ok",NA
"simulated","C3",80,0.5,5,4,"R05_F04","C3_R05_F04","GBLUP_ADE",800,200,200,0.82732977257746,0.398967569873844,0.310542572276778,-0.0224370567637901,1.0284034513949,0.682949698279329,0.827329772577459,0.55088933605722,0.776517131464235,0.637446556201254,-0.10847105676379,0.887276231536478,0.284621567057324,5.17,11.9299999999999,0.0299999999999727,"ok",NA
"simulated","C3",80,0.5,5,5,"R05_F05","C3_R05_F05","GBLUP_ADE",800,200,200,0.818121465149261,0.391312608955043,0.301745342290078,0.00442440547718881,1.02964155117499,0.668725672953948,0.818121465149261,0.556290990817071,0.772255506313604,0.633644418085911,-0.0012395945228112,0.956545290256512,0.308819230066783,5.17,11.8100000000001,0.139999999999986,"ok",NA
"simulated","C4",120,0.5,1,1,"R01_F01","C4_R01_F01","GBLUP_ADE",800,200,200,0.851352231782499,0.301757146459451,0.241624276089296,0.0298486294343667,0.974217950372469,0.721568720051425,0.851352231782499,0.604387940315216,0.650510758415159,0.544283404582598,0.0341896294343667,0.986060296646806,0.363453411926936,5.17,13.16,0.00999999999999091,"ok",NA
"simulated","C4",120,0.5,1,2,"R01_F02","C4_R01_F02","GBLUP_ADE",800,200,200,0.859203609217866,0.322526482059898,0.260626278254989,0.0160015350597009,0.978219087571147,0.737218022743102,0.859203609217867,0.620575341805167,0.732134099107866,0.589315733847942,-0.00603946494029898,1.04776285032071,0.384271572889337,5.17,11.88,0.0300000000000864,"ok",NA
"simulated","C4",120,0.5,1,3,"R01_F03","C4_R01_F03","GBLUP_ADE",800,200,200,0.886672674809939,0.275947556405402,0.2209248068483,-0.0180325944864273,1.1091145875165,0.777629625425205,0.886672674809939,0.636601647913385,0.68150857405553,0.556507228842459,0.00358340551357266,1.19203381864118,0.394727393133197,5.17,12.17,0.139999999999986,"ok",NA
"simulated","C4",120,0.5,1,4,"R01_F04","C4_R01_F04","GBLUP_ADE",800,200,200,0.855169028446369,0.303338577834767,0.241908325996341,0.0445748190997134,0.957601771666715,0.723918893378744,0.855169028446369,0.583090108628049,0.674462908221811,0.551019049401283,0.0999433190997131,0.927111492363166,0.323027682749174,5.17,10.5600000000001,0.0199999999999818,"ok",NA
"simulated","C4",120,0.5,1,5,"R01_F05","C4_R01_F05","GBLUP_ADE",800,200,200,0.867785456980007,0.288852164881171,0.230974560108898,-0.053152003730203,1.02402877284089,0.743967691160612,0.867785456980007,0.562186398491939,0.663867158691374,0.531727040744506,-0.112439003730202,0.91769015676825,0.293236694066982,5.17,10.5500000000001,0.00999999999999091,"ok",NA
"simulated","C4",120,0.5,2,1,"R02_F01","C4_R02_F01","GBLUP_ADE",800,200,200,0.890586434163316,0.262461992546443,0.207474365614724,0.00152501046793596,0.964816364230572,0.792082440056918,0.890586434163316,0.585160430674497,0.650106339762103,0.5433655382135,0.0196930104679361,0.878141547055977,0.335208969178296,5.17,13.05,0.00999999999999091,"ok",NA
"simulated","C4",120,0.5,2,2,"R02_F02","C4_R02_F02","GBLUP_ADE",800,200,200,0.845610774577023,0.307134611975324,0.239613941774842,-0.0199457061106541,0.997051336286701,0.713844505602752,0.845610774577023,0.632917815822777,0.663443056354368,0.524522656093233,0.0256197938893463,1.10937015523545,0.395790455089393,5.17,12.78,0.130000000000109,"ok",NA
"simulated","C4",120,0.5,2,3,"R02_F03","C4_R02_F03","GBLUP_ADE",800,200,200,0.838318298268195,0.31391496258742,0.250503992845194,-0.0321373561575527,0.996624958879806,0.699621287188304,0.838318298268194,0.62481446166253,0.697308521264361,0.560139262027088,-0.0394973561575524,1.15011795664514,0.381758622397311,5.17,10.5699999999999,0.0399999999999636,"ok",NA
"simulated","C4",120,0.5,2,4,"R02_F04","C4_R02_F04","GBLUP_ADE",800,200,200,0.856417690659389,0.319281142864778,0.245101715774209,0.045117747849404,1.01502623329583,0.727856184080939,0.85641769065939,0.582494503496036,0.702957122212506,0.569734216222939,0.0692187478494041,0.970549502042865,0.332515542821729,5.17,11.79,0.0199999999999818,"ok",NA
"simulated","C4",120,0.5,2,5,"R02_F05","C4_R02_F05","GBLUP_ADE",800,200,200,0.867330675019647,0.300298271501019,0.244513757738645,0.0182241193150978,1.01340304028359,0.751214666987274,0.867330675019646,0.583371097797633,0.696607473512502,0.585780919563913,-0.0622528806849028,0.966832148585507,0.334607330383788,5.17,12.8700000000001,0.0199999999999818,"ok",NA
"simulated","C4",120,0.5,3,1,"R03_F01","C4_R03_F01","GBLUP_ADE",800,200,200,0.86216233187565,0.28906783239853,0.226460153196323,-0.0389071708150595,0.972966159997662,0.738003740413477,0.86216233187565,0.599287155358308,0.670166375569974,0.538543769978419,-0.0587526708150595,0.998662170913861,0.354180802812703,5.17,13.8599999999999,0.1400000000001,"ok",NA
"simulated","C4",120,0.5,3,2,"R03_F02","C4_R03_F02","GBLUP_ADE",800,200,200,0.864706695785117,0.340645159723104,0.266899687113449,0.0277754502081383,1.05758265408024,0.743797706250286,0.864706695785117,0.651303854838056,0.733432124698368,0.596027027365017,0.0948369502081388,1.12901795131237,0.408771960314897,5.17,12.5,0.0299999999999727,"ok",NA
"simulated","C4",120,0.5,3,3,"R03_F03","C4_R03_F03","GBLUP_ADE",800,200,200,0.841034483192865,0.302944564311804,0.243969586743759,0.0784512107899011,0.917027846873812,0.680095061770821,0.841034483192864,0.557914131311035,0.703430238519288,0.582786629956878,0.110440210789901,0.950144409764047,0.292983395969457,5.17,14.29,0.0199999999999818,"ok",NA
"simulated","C4",120,0.5,3,4,"R03_F04","C4_R03_F04","GBLUP_ADE",800,200,200,0.871851179319066,0.283197488947373,0.224035947309467,-0.0158432926209979,0.987154209838512,0.75924224592718,0.871851179319065,0.567132565129119,0.6507554230874,0.530340908718591,-0.0659287926209981,0.869932707896556,0.307339829628071,5.17,11.3,0.0300000000002001,"ok",NA
"simulated","C4",120,0.5,3,5,"R03_F05","C4_R03_F05","GBLUP_ADE",800,200,200,0.853151708398247,0.301390064155896,0.241615591375782,-0.0277154392901267,1.0052202000909,0.725527155275385,0.853151708398247,0.591329556697563,0.670565380741744,0.548075607537047,-0.0568374392901269,1.00344292447291,0.344960503036998,5.17,11.8299999999999,0.0299999999999727,"ok",NA
"simulated","C4",120,0.5,4,1,"R04_F01","C4_R04_F01","GBLUP_ADE",800,200,200,0.828127014087842,0.309116249546885,0.244311413441261,0.0180249478035828,0.921222153909887,0.679690206367179,0.828127014087842,0.543858718785904,0.669801966408912,0.52745451439081,0.0581189478035824,0.87717823044048,0.284597049683129,5.17,10.52,0.120000000000118,"ok",NA
"simulated","C4",120,0.5,4,2,"R04_F02","C4_R04_F02","GBLUP_ADE",800,200,200,0.866013521030393,0.309430672235535,0.248539644599,0.00636167585893453,0.939437350086829,0.746755471975459,0.866013521030393,0.573558439849233,0.716008282880403,0.593409221465092,0.0251111758589351,0.879898875706052,0.322006445249804,5.17,9.41999999999985,0.0199999999999818,"ok",NA
"simulated","C4",120,0.5,4,3,"R04_F03","C4_R04_F03","GBLUP_ADE",800,200,200,0.831910071541329,0.295259792560493,0.229902978172056,-0.0429011102488344,0.905283955031575,0.677694027965676,0.831910071541329,0.549081152275797,0.694801530872443,0.57528986325873,-0.111597110248834,0.941928441663678,0.281816540143569,5.17,10.22,0.0299999999999727,"ok",NA
"simulated","C4",120,0.5,4,4,"R04_F04","C4_R04_F04","GBLUP_ADE",800,200,200,0.87721899073802,0.304246249063061,0.242919156868287,-0.0559762278318113,1.07425130846286,0.757632748709753,0.87721899073802,0.650732301125335,0.687988137704689,0.560919812334319,-0.0554897278318116,1.15677365820918,0.411848709975129,5.17,12.6700000000001,0.0199999999999818,"ok",NA
"simulated","C4",120,0.5,4,5,"R04_F05","C4_R04_F05","GBLUP_ADE",800,200,200,0.873009991777813,0.312337129081702,0.253410071145889,0.0752130324781832,1.06535356481687,0.744460101297056,0.873009991777813,0.658871587228092,0.652010931350495,0.533456113276255,0.0845765324781831,1.11391138933593,0.419809500771457,5.17,11.23,0.0199999999999818,"ok",NA
"simulated","C4",120,0.5,5,1,"R05_F01","C4_R05_F01","GBLUP_ADE",800,200,200,0.853427260794841,0.304067371754994,0.244304979941557,0.0351682655200442,1.01297755121105,0.724533603971319,0.853427260794841,0.601806830842433,0.666569808296343,0.547256740701958,0.0817637655200448,1.02118266916279,0.352269662978046,5.17,11.3199999999999,0.0199999999999818,"ok",NA
"simulated","C4",120,0.5,5,2,"R05_F02","C4_R05_F02","GBLUP_ADE",800,200,200,0.840541302986727,0.31606495015297,0.256045831428581,0.0317698204005368,0.89932577416856,0.694570120686413,0.840541302986727,0.545717885180834,0.74978458484481,0.625519229367376,0.0271973204005366,0.911071802581779,0.294041801302926,5.17,12.3000000000002,0,"ok",NA
"simulated","C4",120,0.5,5,3,"R05_F03","C4_R05_F03","GBLUP_ADE",800,200,200,0.85724067656915,0.305920900093191,0.247422666736522,-0.0306782092327689,0.969334701024402,0.731425238700335,0.85724067656915,0.59164231205675,0.664734098586504,0.530379830454227,-0.0570947092327695,0.929566034687765,0.343185467356377,5.17,10.22,0.0299999999999727,"ok",NA
"simulated","C4",120,0.5,5,4,"R05_F04","C4_R05_F04","GBLUP_ADE",800,200,200,0.871353899633608,0.296498235072012,0.230829084789394,-0.0264626388460364,1.04459628190312,0.755929583498655,0.871353899633608,0.590492783410863,0.696865236152555,0.5696992355148,-0.0551781388460365,1.01522956865775,0.344493530505595,5.17,10.5699999999999,0.0299999999999727,"ok",NA
"simulated","C4",120,0.5,5,5,"R05_F05","C4_R05_F05","GBLUP_ADE",800,200,200,0.873910685891325,0.284269297520377,0.220556822900629,0.0254835617140142,1.0380482414565,0.760771305520274,0.873910685891325,0.656493845962878,0.630772800305671,0.517927328438286,0.0385900617140148,1.11532860828367,0.424220918902555,5.17,11.6700000000001,0.0299999999999727,"ok",NA
"simulated","C5",240,0.3,1,1,"R01_F01","C5_R01_F01","GBLUP_ADE",800,200,200,0.90197859282382,0.202595279580274,0.16655989423536,-0.029874445983348,1.08790501595349,0.803991607033202,0.90197859282382,0.504428147767394,0.718856410832179,0.601542227954686,-0.113137445983348,1.09178110866603,0.233667407787212,5.17,10.3599999999999,0.120000000000118,"ok",NA
"simulated","C5",240,0.3,1,2,"R01_F02","C5_R01_F02","GBLUP_ADE",800,200,200,0.866036745680439,0.253240060088857,0.209574468244389,0.0149945631907385,1.02671451019588,0.748630591428548,0.866036745680439,0.490505065790615,0.763485191717835,0.637811150523269,0.0561480631907391,1.00592278567644,0.236457339166586,5.17,9.07999999999993,0.0299999999999727,"ok",NA
"simulated","C5",240,0.3,1,3,"R01_F03","C5_R01_F03","GBLUP_ADE",800,200,200,0.872531005652883,0.224465857381213,0.177372893652329,0.01973628534045,0.978641756912458,0.759085252567087,0.872531005652882,0.400092549704842,0.770282905372626,0.612775102424307,0.0530662853404502,0.818971434706492,0.148210092011045,5.17,10.1800000000001,0.0399999999999636,"ok",NA
"simulated","C5",240,0.3,1,4,"R01_F04","C5_R01_F04","GBLUP_ADE",800,200,200,0.850707497306925,0.24941214532575,0.211549387045995,0.0583887950497817,0.966300915680747,0.706751442912167,0.850707497306925,0.489213985803437,0.718419648331517,0.577008994614853,0.127091795049783,0.978076618039407,0.214631772598709,5.17,10.25,0.0299999999999727,"ok",NA
"simulated","C5",240,0.3,1,5,"R01_F05","C5_R01_F05","GBLUP_ADE",800,200,200,0.874490225048656,0.232962584651847,0.183392071285875,-0.0405634002685301,1.11097294585443,0.749508606856991,0.874490225048656,0.499546973130014,0.754211792857201,0.624325209426028,-0.10049140026853,1.1722586551928,0.230497723342235,5.17,10.1600000000001,0.1099999999999,"ok",NA
"simulated","C5",240,0.3,2,1,"R02_F01","C5_R02_F01","GBLUP_ADE",800,200,200,0.864813396509114,0.233768182715517,0.1839218501137,0.00378565830355697,0.957010734137189,0.746326539451236,0.864813396509114,0.442268981331175,0.79424302992356,0.643771226916718,0.0164701583035571,0.933008124449228,0.194246930401778,5.17,10.0800000000002,0.00999999999999091,"ok",NA
"simulated","C5",240,0.3,2,2,"R02_F02","C5_R02_F02","GBLUP_ADE",800,200,200,0.828936842281492,0.257805880712521,0.200518914620718,-0.0116030495803891,1.02902463512897,0.68595347903815,0.828936842281493,0.485483564676411,0.766815424083099,0.62590759340616,0.0141269504196112,1.1459945041651,0.231608272212273,5.17,7.8599999999999,0.0199999999999818,"ok",NA
"simulated","C5",240,0.3,2,3,"R02_F03","C5_R02_F03","GBLUP_ADE",800,200,200,0.868632850585521,0.232878664729017,0.191051395394384,-0.0387450189710449,0.946902734146888,0.745094647977006,0.868632850585521,0.443552973473656,0.727423096906219,0.604699138233546,-0.0537960189710441,0.845007002648167,0.185666430833855,5.17,9.15000000000009,0.0199999999999818,"ok",NA
"simulated","C5",240,0.3,2,4,"R02_F04","C5_R02_F04","GBLUP_ADE",800,200,200,0.892903642403047,0.21704141557144,0.178800215749872,0.0170141673111179,1.02889858748007,0.795390596802632,0.892903642403047,0.424943717134758,0.71069617529719,0.588663760091728,0.00678816731111809,0.795401382571338,0.168553301217897,5.17,11.26,0.130000000000109,"ok",NA
"simulated","C5",240,0.3,2,5,"R02_F05","C5_R02_F05","GBLUP_ADE",800,200,200,0.884718929381349,0.229745149278646,0.191873758672008,0.0309396448809607,1.08301578186461,0.774030444491846,0.884718929381349,0.497773167136395,0.755207294609946,0.604642367995721,0.0177976448809613,1.09613154489802,0.245453297900608,5.17,9.06999999999994,0.0199999999999818,"ok",NA
"simulated","C5",240,0.3,3,1,"R03_F01","C5_R03_F01","GBLUP_ADE",800,200,200,0.869204885625308,0.229066382099904,0.18987081622538,-0.0209848065523377,1.08124908306736,0.749145771656548,0.869204885625307,0.474980903650294,0.75951184031441,0.625682085098749,-0.0229038065523369,1.11284785375832,0.222579997649872,5.17,9.11999999999989,0.0199999999999818,"ok",NA
"simulated","C5",240,0.3,3,2,"R03_F02","C5_R03_F02","GBLUP_ADE",800,200,200,0.86895234172958,0.264506943771878,0.214816949565432,-0.00976970827304577,1.02938582796091,0.754127409616189,0.86895234172958,0.478878704710563,0.755533742198835,0.618349917610929,-0.0263362082730446,0.913484288747252,0.226327731751219,5.17,11.3000000000002,0.119999999999891,"ok",NA
"simulated","C5",240,0.3,3,3,"R03_F03","C5_R03_F03","GBLUP_ADE",800,200,200,0.870961052267698,0.218467591832177,0.177662763024547,0.0394560928919729,1.03020100084667,0.749758928911616,0.870961052267698,0.504063051939557,0.767855710072501,0.621539914672747,0.078221092891973,1.20169639172412,0.239024868497319,5.17,10.1400000000001,0,"ok",NA
"simulated","C5",240,0.3,3,4,"R03_F04","C5_R03_F04","GBLUP_ADE",800,200,200,0.890325204784251,0.205875336537674,0.166903778825609,0.0137180666849012,0.975906655101542,0.791269075133862,0.890325204784252,0.412133239745576,0.780107375996106,0.648049176231886,0.0186245666849007,0.855614367015511,0.164540707831508,5.17,10.3099999999999,0.0299999999999727,"ok",NA
"simulated","C5",240,0.3,3,5,"R03_F05","C5_R03_F05","GBLUP_ADE",800,200,200,0.845478202758752,0.249006097052376,0.197345800389071,-0.0301342593698696,1.02869938234879,0.710030288580826,0.845478202758753,0.453458572354917,0.676482032505995,0.55800615317594,-0.0553247593698693,0.901158091871736,0.197785342989037,5.17,10.27,0.00999999999999091,"ok",NA
"simulated","C5",240,0.3,4,1,"R04_F01","C5_R04_F01","GBLUP_ADE",800,200,200,0.856932744944562,0.226051486316257,0.185203957462657,-0.00188480816252351,1.05668537666018,0.73220189432249,0.856932744944561,0.473441284697395,0.72204470393456,0.568120322945032,-0.0326818081625228,1.09328687037864,0.22091858214864,5.17,10.4300000000001,0.00999999999999091,"ok",NA
"simulated","C5",240,0.3,4,2,"R04_F02","C5_R04_F02","GBLUP_ADE",800,200,200,0.893363059350232,0.221804260031706,0.181678166728565,-0.00313234322888746,1.06093611133297,0.795423901120211,0.893363059350231,0.466471881706481,0.779549908200139,0.66074497341505,-0.00803434322888798,0.995516313446986,0.21750848498587,5.17,9.19000000000005,0.00999999999999091,"ok",NA
"simulated","C5",240,0.3,4,3,"R04_F03","C5_R04_F03","GBLUP_ADE",800,200,200,0.848747482405503,0.223503200718641,0.173861061354368,0.0087706033426101,0.929803043312894,0.715828763749557,0.848747482405504,0.383677656390335,0.799572463221049,0.659131207066082,-0.00630339665738894,0.866194810737372,0.143642568009217,5.17,10.1099999999999,0.0299999999999727,"ok",NA
"simulated","C5",240,0.3,4,4,"R04_F04","C5_R04_F04","GBLUP_ADE",800,200,200,0.863871968926354,0.255727993467502,0.213603029305251,-0.0307939236109995,1.02414575591796,0.742120663582782,0.863871968926355,0.401820578899292,0.756495708230466,0.637188050997446,-0.0100784236109993,0.775159363881998,0.147724373525269,5.17,10.3000000000002,0.0199999999999818,"ok",NA
"simulated","C5",240,0.3,4,5,"R04_F05","C5_R04_F05","GBLUP_ADE",800,200,200,0.865319037305441,0.246914210123898,0.20076312575938,0.0376189680741064,1.06826249965261,0.73967682829151,0.865319037305441,0.568841728142702,0.689841852339818,0.550013603897225,0.0676719680741068,1.20310858157356,0.30769665384616,5.17,10.3,0.0199999999999818,"ok",NA
"simulated","C5",240,0.3,5,1,"R05_F01","C5_R05_F01","GBLUP_ADE",800,200,200,0.877990390812863,0.218232163668374,0.176975719989702,-0.00892688547983887,1.00650063174632,0.770450875854551,0.877990390812863,0.485004411197658,0.705306967501117,0.582252267110144,-0.0617353854798383,0.980630639312802,0.229232294754571,5.17,10.26,0.0199999999999818,"ok",NA
"simulated","C5",240,0.3,5,2,"R05_F02","C5_R05_F02","GBLUP_ADE",800,200,200,0.838810802045989,0.263541409656026,0.217150510137095,0.0698539723920172,0.997092097354354,0.68119990258001,0.838810802045989,0.470920265487401,0.809986792214799,0.652186767679856,0.138880472392017,1.0839308506472,0.196824012823442,5.17,11.3099999999999,0.00999999999999091,"ok",NA
"simulated","C5",240,0.3,5,3,"R05_F03","C5_R05_F03","GBLUP_ADE",800,200,200,0.881120553704159,0.227914536287936,0.183201611084841,-0.0115262927969803,0.980735350058271,0.775499680934648,0.881120553704159,0.447194323584294,0.735400104916911,0.622187113408003,-0.00665629279698003,0.84732549192339,0.193423988011045,5.17,10.25,0.0200000000002092,"ok",NA
"simulated","C5",240,0.3,5,4,"R05_F04","C5_R05_F04","GBLUP_ADE",800,200,200,0.879231746630897,0.228151601297594,0.188509461306045,-0.0458905460735875,1.03487786009031,0.762564334674638,0.879231746630897,0.414986911816974,0.759522091145806,0.611780728034718,-0.0726465460735872,0.864672279394384,0.160313965460949,5.17,10.1399999999999,0.0199999999999818,"ok",NA
"simulated","C5",240,0.3,5,5,"R05_F05","C5_R05_F05","GBLUP_ADE",800,200,200,0.846123167644158,0.25116835357215,0.200413283499185,0.0384874553512171,1.01299627721168,0.708973099423033,0.846123167644158,0.510748041752289,0.729077745448069,0.604223869507361,0.0441509553512179,1.10980688604534,0.255579891488904,5.17,9.98000000000002,0.0299999999999727,"ok",NA
"simulated","C6",480,0.3,1,1,"R01_F01","C6_R01_F01","GBLUP_ADE",800,200,200,0.913698428805806,0.164188142011344,0.131598577307764,0.00566606132342152,1.04431888453501,0.833142559157513,0.913698428805805,0.47014714234324,0.623621089403283,0.505334694665286,0.0081795613234209,0.944070200947608,0.220128377301667,5.17,12.6600000000001,0.0299999999999727,"ok",NA
"simulated","C6",480,0.3,1,2,"R01_F02","C6_R01_F02","GBLUP_ADE",800,200,200,0.917919968597592,0.182994933031426,0.147170954076162,0.0136480870632128,1.12070220998616,0.831868131195928,0.917919968597591,0.544774223115396,0.602516553163022,0.492308396110551,0.0397695870632138,1.06756920713244,0.292507694240934,5.17,9.20000000000005,0.0299999999999727,"ok",NA
"simulated","C6",480,0.3,1,3,"R01_F03","C6_R01_F03","GBLUP_ADE",800,200,200,0.908018416048308,0.169168657894619,0.140083666876424,-0.0279262811040013,1.04075560553331,0.818281027392719,0.908018416048308,0.497237902266249,0.682188509534226,0.570064814415993,-0.0966197811040014,1.11585712109911,0.22911651514559,5.17,11.25,0,"ok",NA
"simulated","C6",480,0.3,1,4,"R01_F04","C6_R01_F04","GBLUP_ADE",800,200,200,0.907193517826896,0.169885097540892,0.135540608535515,0.0149828343650942,0.98513614425156,0.821423725119884,0.907193517826896,0.406283954417294,0.646489840875572,0.5294762622859,0.0162168343650948,0.769413450779881,0.149706177222767,5.17,9.12000000000012,0.0299999999999727,"ok",NA
"simulated","C6",480,0.3,1,5,"R01_F05","C6_R01_F05","GBLUP_ADE",800,200,200,0.913522706871818,0.163559686233067,0.133677272560874,-0.011977119969589,1.03043909530503,0.832899478987931,0.913522706871818,0.479739249591229,0.669269546181963,0.543207147537251,0.0268398800304111,1.0306515933605,0.228705737832325,5.17,10.24,0.00999999999999091,"ok",NA
"simulated","C6",480,0.3,2,1,"R02_F01","C6_R02_F01","GBLUP_ADE",800,200,200,0.928149894596364,0.1620107795163,0.130145005945055,0.0185762997032018,1.13030732676354,0.84801470830352,0.928149894596365,0.542501586658502,0.643558067974482,0.525104462308957,0.0193872997032022,1.20979777656546,0.284808203937109,5.17,12.1699999999998,0.0200000000002092,"ok",NA
"simulated","C6",480,0.3,2,2,"R02_F02","C6_R02_F02","GBLUP_ADE",800,200,200,0.90965013023599,0.167557366280953,0.133995627663076,-0.0274955922385759,1.0516528956683,0.820637388078262,0.90965013023599,0.471539023038147,0.6008804156905,0.48711684259859,-0.0705090922385751,0.931685859778612,0.21027968543939,5.17,11.3099999999999,0.0199999999999818,"ok",NA
"simulated","C6",480,0.3,2,3,"R02_F03","C6_R02_F03","GBLUP_ADE",800,200,200,0.917738862666857,0.164620081740112,0.12990105027136,-0.0355298894351306,0.988869652676661,0.834425033486637,0.917738862666857,0.410620326653981,0.634850533341485,0.526761482878058,-0.05784538943513,0.749873727304562,0.142732237071807,5.17,10.0599999999999,0.0299999999999727,"ok",NA
"simulated","C6",480,0.3,2,4,"R02_F04","C6_R02_F04","GBLUP_ADE",800,200,200,0.91097511066754,0.174106422238366,0.135909274003435,-0.00375698387849077,1.06148176789686,0.827011028762864,0.91097511066754,0.502178503418124,0.614002456051839,0.509666728109842,0.0153775161215088,0.992179572532041,0.251698218804379,5.17,11.1800000000001,0.00999999999999091,"ok",NA
"simulated","C6",480,0.3,2,5,"R02_F05","C6_R02_F05","GBLUP_ADE",800,200,200,0.881649151199524,0.202139064383799,0.168519095305417,0.0379836907202945,1.1017012645641,0.762287738004553,0.881649151199524,0.456955219036694,0.736492506333928,0.589920788323784,0.083359690720294,1.13103742846523,0.195701635945317,5.17,10.0599999999999,0.130000000000109,"ok",NA
"simulated","C6",480,0.3,3,1,"R03_F01","C6_R03_F01","GBLUP_ADE",800,200,200,0.911133977232241,0.165396186421664,0.132539436220719,-0.0120429832832649,1.05588461722303,0.826922013807531,0.911133977232241,0.514412499437377,0.592663653451811,0.483888745235296,0.00769551671673547,1.03600685607937,0.2641765141449,5.17,10.05,0.00999999999999091,"ok",NA
"simulated","C6",480,0.3,3,2,"R03_F02","C6_R03_F02","GBLUP_ADE",800,200,200,0.932714300288596,0.170872480075202,0.137284629214582,-0.0170801518785221,1.05537135915861,0.866224590116819,0.932714300288596,0.488757260948579,0.647539176287479,0.530657435836218,-0.0739291518785224,0.869834315055382,0.223411687640306,5.17,10.1400000000001,0.0199999999999818,"ok",NA
"simulated","C6",480,0.3,3,3,"R03_F03","C6_R03_F03","GBLUP_ADE",800,200,200,0.892976583282349,0.174511490996944,0.141399994938666,0.0100898475227098,1.0184396789973,0.796465379503203,0.892976583282349,0.495902626840928,0.626684071253053,0.514921955583592,-0.0152991524772897,1.05440781379083,0.244814549807874,5.17,12.26,0.0199999999999818,"ok",NA
"simulated","C6",480,0.3,3,4,"R03_F04","C6_R03_F04","GBLUP_ADE",800,200,200,0.900583408846245,0.171307816652388,0.139297177308685,0.0160116955645977,1.04631498044753,0.807782076950615,0.900583408846245,0.491177315859777,0.685510918978923,0.559720982145583,0.075805195564598,1.13961334456065,0.228196350858921,5.17,10.21,0.00999999999999091,"ok",NA
"simulated","C6",480,0.3,3,5,"R03_F05","C6_R03_F05","GBLUP_ADE",800,200,200,0.929180300525666,0.155956462565051,0.128756692662028,-0.00657589113478295,1.14282037963819,0.849624505635976,0.929180300525666,0.488307156865027,0.644448890341168,0.518803117453017,-0.00387739113478304,1.10131428121178,0.236398312690531,5.17,14.75,0.00999999999999091,"ok",NA
"simulated","C6",480,0.3,4,1,"R04_F01","C6_R04_F01","GBLUP_ADE",800,200,200,0.925627506402155,0.146677987424146,0.119667754936719,0.00151630785910207,1.09788702880339,0.849959299355772,0.925627506402154,0.471593327626234,0.644629562280235,0.522475425036917,-0.00290819214089829,1.07900557379742,0.221192066684697,5.17,12.47,0,"ok",NA
"simulated","C6",480,0.3,4,2,"R04_F02","C6_R04_F02","GBLUP_ADE",800,200,200,0.912322188577094,0.177534076621792,0.140182513777354,-0.0266590619927061,1.02397681851755,0.827996936349545,0.912322188577094,0.476139301106406,0.657886527195167,0.531662977141614,-0.0140245619927059,0.933073190792505,0.225190157968974,5.17,10.0999999999999,0,"ok",NA
"simulated","C6",480,0.3,4,3,"R04_F03","C6_R04_F03","GBLUP_ADE",800,200,200,0.91098494703207,0.155153326770594,0.127269193360688,0.0239072430470887,1.05381776045427,0.823539433371951,0.910984947032069,0.468904486843423,0.657753305086042,0.539923159972777,0.0662012430470886,1.08712077130586,0.210461379880433,5.17,10.05,0.0299999999999727,"ok",NA
"simulated","C6",480,0.3,4,4,"R04_F04","C6_R04_F04","GBLUP_ADE",800,200,200,0.928550270545569,0.164723881398103,0.130862649756293,-0.0205283869455395,1.08987287760917,0.854076326040934,0.928550270545569,0.510262570794799,0.626950003788157,0.52631435196179,-0.0296113869455394,1.01134867632529,0.25868140667427,5.17,12.2800000000002,0.0299999999999727,"ok",NA
"simulated","C6",480,0.3,4,5,"R04_F05","C6_R04_F05","GBLUP_ADE",800,200,200,0.928375303186508,0.164586733168236,0.132999582853667,0.0167443738077199,1.09071805037591,0.854411594796213,0.928375303186508,0.505026222544209,0.623820695945075,0.510468960212515,-0.0246841261922791,0.993400853100215,0.253871997690154,5.17,11.21,0.00999999999999091,"ok",NA
"simulated","C6",480,0.3,5,1,"R05_F01","C6_R05_F01","GBLUP_ADE",800,200,200,0.916595571231979,0.162841360901592,0.135863613109575,0.0229805211971456,1.09348046717307,0.830634350170226,0.916595571231979,0.527442435351623,0.670438841031231,0.552063049163406,0.0242365211971455,1.24482505538866,0.266476108376422,5.17,11.3099999999999,0.0399999999999636,"ok",NA
"simulated","C6",480,0.3,5,2,"R05_F02","C6_R05_F02","GBLUP_ADE",800,200,200,0.919891899934226,0.161295194754666,0.13142199074111,0.00481137407247616,0.986443631804981,0.845904177815718,0.919891899934226,0.407561038618529,0.627823482823318,0.50728677540938,-0.0239206259275236,0.719984040555964,0.139732222575594,5.17,10.01,0.0199999999999818,"ok",NA
"simulated","C6",480,0.3,5,3,"R05_F03","C6_R05_F03","GBLUP_ADE",800,200,200,0.880286169763933,0.201966266511521,0.160330625174672,-0.000902663954014926,1.06441968017157,0.772060882300956,0.880286169763933,0.492660566075856,0.634258413339044,0.513525352622442,0.0351288360459856,1.02469882939067,0.240242810039032,5.17,11.0899999999999,0.130000000000109,"ok",NA
"simulated","C6",480,0.3,5,4,"R05_F04","C6_R05_F04","GBLUP_ADE",800,200,200,0.929824223013222,0.154096460688544,0.122650808020866,-0.0345008928340901,1.03198767132944,0.856551745226628,0.929824223013222,0.436096263834384,0.659727821720044,0.551024426869099,-0.0346808928340902,0.868593521208194,0.183571030223305,5.17,11.21,0.0199999999999818,"ok",NA
"simulated","C6",480,0.3,5,5,"R05_F05","C6_R05_F05","GBLUP_ADE",800,200,200,0.925423419736818,0.161872776238492,0.129892402823835,0.0171653677264893,1.15854558865145,0.83855458179227,0.925423419736818,0.528082618098469,0.638905465355976,0.511338219899188,0.00878236772648961,1.22647347581636,0.269224449257221,5.17,9.04999999999995,0.0299999999999727,"ok",NA
