"Scenario","QTL_index","LG","Position_cM"
"C1",201,1,100
"C1",602,2,100
"C1",1003,3,100
"C1",1404,4,100
"C1",1805,5,100
"C1",2206,6,100
"C1",2607,7,100
"C1",3008,8,100
"C2",41,1,20
"C2",121,1,60
"C2",201,1,100
"C2",281,1,140
"C2",361,1,180
"C2",442,2,20
"C2",522,2,60
"C2",602,2,100
"C2",682,2,140
"C2",762,2,180
"C2",843,3,20
"C2",923,3,60
"C2",1003,3,100
"C2",1083,3,140
"C2",1163,3,180
"C2",1244,4,20
"C2",1324,4,60
"C2",1404,4,100
"C2",1484,4,140
"C2",1564,4,180
"C2",1645,5,20
"C2",1725,5,60
"C2",1805,5,100
"C2",1885,5,140
"C2",1965,5,180
"C2",2046,6,20
"C2",2126,6,60
"C2",2206,6,100
"C2",2286,6,140
"C2",2366,6,180
"C2",2447,7,20
"C2",2527,7,60
"C2",2607,7,100
"C2",2687,7,140
"C2",2767,7,180
"C2",2848,8,20
"C2",2928,8,60
"C2",3008,8,100
"C2",3088,8,140
"C2",3168,8,180
"C3",21,1,10
"C3",61,1,30
"C3",101,1,50
"C3",141,1,70
"C3",181,1,90
"C3",221,1,110
"C3",261,1,130
"C3",301,1,150
"C3",341,1,170
"C3",381,1,190
"C3",422,2,10
"C3",462,2,30
"C3",502,2,50
"C3",542,2,70
"C3",582,2,90
"C3",622,2,110
"C3",662,2,130
"C3",702,2,150
"C3",742,2,170
"C3",782,2,190
"C3",823,3,10
"C3",863,3,30
"C3",903,3,50
"C3",943,3,70
"C3",983,3,90
"C3",1023,3,110
"C3",1063,3,130
"C3",1103,3,150
"C3",1143,3,170
"C3",1183,3,190
"C3",1224,4,10
"C3",1264,4,30
"C3",1304,4,50
"C3",1344,4,70
"C3",1384,4,90
"C3",1424,4,110
"C3",1464,4,130
"C3",1504,4,150
"C3",1544,4,170
"C3",1584,4,190
"C3",1625,5,10
"C3",1665,5,30
"C3",1705,5,50
"C3",1745,5,70
"C3",1785,5,90
"C3",1825,5,110
"C3",1865,5,130
"C3",1905,5,150
"C3",1945,5,170
"C3",1985,5,190
"C3",2026,6,10
"C3",2066,6,30
"C3",2106,6,50
"C3",2146,6,70
"C3",2186,6,90
"C3",2226,6,110
"C3",2266,6,130
"C3",2306,6,150
"C3",2346,6,170
"C3",2386,6,190
"C3",2427,7,10
"C3",2467,7,30
"C3",2507,7,50
"C3",2547,7,70
"C3",2587,7,90
"C3",2627,7,110
"C3",2667,7,130
"C3",2707,7,150
"C3",2747,7,170
"C3",2787,7,190
"C3",2828,8,10
"C3",2868,8,30
"C3",2908,8,50
"C3",2948,8,70
"C3",2988,8,90
"C3",3028,8,110
"C3",3068,8,130
"C3",3108,8,150
"C3",3148,8,170
"C3",3188,8,190
"C4",25,1,12
"C4",50,1,24.5
"C4",75,1,37
"C4",100,1,49.5
"C4",125,1,62
"C4",150,1,74.5
"C4",175,1,87
"C4",200,1,99.5
"C4",225,1,112
"C4",250,1,124.5
"C4",275,1,137
"C4",300,1,149.5
"C4",325,1,162
"C4",350,1,174.5
"C4",375,1,187
"C4",426,2,12
"C4",451,2,24.5
"C4",476,2,37
"C4",501,2,49.5
"C4",526,2,62
"C4",551,2,74.5
"C4",576,2,87
"C4",601,2,99.5
"C4",626,2,112
"C4",651,2,124.5
"C4",676,2,137
"C4",701,2,149.5
"C4",726,2,162
"C4",751,2,174.5
"C4",776,2,187
"C4",827,3,12
"C4",852,3,24.5
"C4",877,3,37
"C4",902,3,49.5
"C4",927,3,62
"C4",952,3,74.5
"C4",977,3,87
"C4",1002,3,99.5
"C4",1027,3,112
"C4",1052,3,124.5
"C4",1077,3,137
"C4",1102,3,149.5
"C4",1127,3,162
"C4",1152,3,174.5
"C4",1177,3,187
"C4",1228,4,12
"C4",1253,4,24.5
"C4",1278,4,37
"C4",1303,4,49.5
"C4",1328,4,62
"C4",1353,4,74.5
"C4",1378,4,87
"C4",1403,4,99.5
"C4",1428,4,112
"C4",1453,4,124.5
"C4",1478,4,137
"C4",1503,4,149.5
"C4",1528,4,162
"C4",1553,4,174.5
"C4",1578,4,187
"C4",1629,5,12
"C4",1654,5,24.5
"C4",1679,5,37
"C4",1704,5,49.5
"C4",1729,5,62
"C4",1754,5,74.5
"C4",1779,5,87
"C4",1804,5,99.5
"C4",1829,5,112
"C4",1854,5,124.5
"C4",1879,5,137
"C4",1904,5,149.5
"C4",1929,5,162
"C4",1954,5,174.5
"C4",1979,5,187
"C4",2030,6,12
"C4",2055,6,24.5
"C4",2080,6,37
"C4",2105,6,49.5
"C4",2130,6,62
"C4",2155,6,74.5
"C4",2180,6,87
"C4",2205,6,99.5
"C4",2230,6,112
"C4",2255,6,124.5
"C4",2280,6,137
"C4",2305,6,149.5
"C4",2330,6,162
"C4",2355,6,174.5
"C4",2380,6,187
"C4",2431,7,12
"C4",2456,7,24.5
"C4",2481,7,37
"C4",2506,7,49.5
"C4",2531,7,62
"C4",2556,7,74.5
"C4",2581,7,87
"C4",2606,7,99.5
"C4",2631,7,112
"C4",2656,7,124.5
"C4",2681,7,137
"C4",2706,7,149.5
"C4",2731,7,162
"C4",2756,7,174.5
"C4",2781,7,187
"C4",2832,8,12
"C4",2857,8,24.5
"C4",2882,8,37
"C4",2907,8,49.5
"C4",2932,8,62
"C4",2957,8,74.5
"C4",2982,8,87
"C4",3007,8,99.5
"C4",3032,8,112
"C4",3057,8,124.5
"C4",3082,8,137
"C4",3107,8,149.5
"C4",3132,8,162
"C4",3157,8,174.5
"C4",3182,8,187
"C5",11,1,5
"C5",24,1,11.5
"C5",37,1,18
"C5",50,1,24.5
"C5",63,1,31
"C5",76,1,37.5
"C5",89,1,44
"C5",102,1,50.5
"C5",115,1,57
"C5",128,1,63.5
"C5",141,1,70
"C5",154,1,76.5
"C5",167,1,83
"C5",180,1,89.5
"C5",193,1,96
"C5",206,1,102.5
"C5",219,1,109
"C5",232,1,115.5
"C5",245,1,122
"C5",258,1,128.5
"C5",271,1,135
"C5",284,1,141.5
"C5",297,1,148
"C5",310,1,154.5
"C5",323,1,161
"C5",336,1,167.5
"C5",349,1,174
"C5",362,1,180.5
"C5",375,1,187
"C5",388,1,193.5
"C5",412,2,5
"C5",425,2,11.5
"C5",438,2,18
"C5",451,2,24.5
"C5",464,2,31
"C5",477,2,37.5
"C5",490,2,44
"C5",503,2,50.5
"C5",516,2,57
"C5",529,2,63.5
"C5",542,2,70
"C5",555,2,76.5
"C5",568,2,83
"C5",581,2,89.5
"C5",594,2,96
"C5",607,2,102.5
"C5",620,2,109
"C5",633,2,115.5
"C5",646,2,122
"C5",659,2,128.5
"C5",672,2,135
"C5",685,2,141.5
"C5",698,2,148
"C5",711,2,154.5
"C5",724,2,161
"C5",737,2,167.5
"C5",750,2,174
"C5",763,2,180.5
"C5",776,2,187
"C5",789,2,193.5
"C5",813,3,5
"C5",826,3,11.5
"C5",839,3,18
"C5",852,3,24.5
"C5",865,3,31
"C5",878,3,37.5
"C5",891,3,44
"C5",904,3,50.5
"C5",917,3,57
"C5",930,3,63.5
"C5",943,3,70
"C5",956,3,76.5
"C5",969,3,83
"C5",982,3,89.5
"C5",995,3,96
"C5",1008,3,102.5
"C5",1021,3,109
"C5",1034,3,115.5
"C5",1047,3,122
"C5",1060,3,128.5
"C5",1073,3,135
"C5",1086,3,141.5
"C5",1099,3,148
"C5",1112,3,154.5
"C5",1125,3,161
"C5",1138,3,167.5
"C5",1151,3,174
"C5",1164,3,180.5
"C5",1177,3,187
"C5",1190,3,193.5
"C5",1214,4,5
"C5",1227,4,11.5
"C5",1240,4,18
"C5",1253,4,24.5
"C5",1266,4,31
"C5",1279,4,37.5
"C5",1292,4,44
"C5",1305,4,50.5
"C5",1318,4,57
"C5",1331,4,63.5
"C5",1344,4,70
"C5",1357,4,76.5
"C5",1370,4,83
"C5",1383,4,89.5
"C5",1396,4,96
"C5",1409,4,102.5
"C5",1422,4,109
"C5",1435,4,115.5
"C5",1448,4,122
"C5",1461,4,128.5
"C5",1474,4,135
"C5",1487,4,141.5
"C5",1500,4,148
"C5",1513,4,154.5
"C5",1526,4,161
"C5",1539,4,167.5
"C5",1552,4,174
"C5",1565,4,180.5
"C5",1578,4,187
"C5",1591,4,193.5
"C5",1615,5,5
"C5",1628,5,11.5
"C5",1641,5,18
"C5",1654,5,24.5
"C5",1667,5,31
"C5",1680,5,37.5
"C5",1693,5,44
"C5",1706,5,50.5
"C5",1719,5,57
"C5",1732,5,63.5
"C5",1745,5,70
"C5",1758,5,76.5
"C5",1771,5,83
"C5",1784,5,89.5
"C5",1797,5,96
"C5",1810,5,102.5
"C5",1823,5,109
"C5",1836,5,115.5
"C5",1849,5,122
"C5",1862,5,128.5
"C5",1875,5,135
"C5",1888,5,141.5
"C5",1901,5,148
"C5",1914,5,154.5
"C5",1927,5,161
"C5",1940,5,167.5
"C5",1953,5,174
"C5",1966,5,180.5
"C5",1979,5,187
"C5",1992,5,193.5
"C5",2016,6,5
"C5",2029,6,11.5
"C5",2042,6,18
"C5",2055,6,24.5
"C5",2068,6,31
"C5",2081,6,37.5
"C5",2094,6,44
"C5",2107,6,50.5
"C5",2120,6,57
"C5",2133,6,63.5
"C5",2146,6,70
"C5",2159,6,76.5
"C5",2172,6,83
"C5",2185,6,89.5
"C5",2198,6,96
"C5",2211,6,102.5
"C5",2224,6,109
"C5",2237,6,115.5
"C5",2250,6,122
"C5",2263,6,128.5
"C5",2276,6,135
"C5",2289,6,141.5
"C5",2302,6,148
"C5",2315,6,154.5
"C5",2328,6,161
"C5",2341,6,167.5
"C5",2354,6,174
"C5",2367,6,180.5
"C5",2380,6,187
"C5",2393,6,193.5
"C5",2417,7,5
"C5",2430,7,11.5
"C5",2443,7,18
"C5",2456,7,24.5
"C5",2469,7,31
"C5",2482,7,37.5
"C5",2495,7,44
"C5",2508,7,50.5
"C5",2521,7,57
"C5",2534,7,63.5
"C5",2547,7,70
"C5",2560,7,76.5
"C5",2573,7,83
"C5",2586,7,89.5
"C5",2599,7,96
"C5",2612,7,102.5
"C5",2625,7,109
"C5",2638,7,115.5
"C5",2651,7,122
"C5",2664,7,128.5
"C5",2677,7,135
"C5",2690,7,141.5
"C5",2703,7,148
"C5",2716,7,154.5
"C5",2729,7,161
"C5",2742,7,167.5
"C5",2755,7,174
"C5",2768,7,180.5
"C5",2781,7,187
"C5",2794,7,193.5
"C5",2818,8,5
"C5",2831,8,11.5
"C5",2844,8,18
"C5",2857,8,24.5
"C5",2870,8,31
"C5",2883,8,37.5
"C5",2896,8,44
"C5",2909,8,50.5
"C5",2922,8,57
"C5",2935,8,63.5
"C5",2948,8,70
"C5",2961,8,76.5
"C5",2974,8,83
"C5",2987,8,89.5
"C5",3000,8,96
"C5",3013,8,102.5
"C5",3026,8,109
"C5",3039,8,115.5
"C5",3052,8,122
"C5",3065,8,128.5
"C5",3078,8,135
"C5",3091,8,141.5
"C5",3104,8,148
"C5",3117,8,154.5
"C5",3130,8,161
"C5",3143,8,167.5
"C5",3156,8,174
"C5",3169,8,180.5
"C5",3182,8,187
"C5",3195,8,193.5
"C6",23,1,11
"C6",29,1,14
"C6",35,1,17
"C6",41,1,20
"C6",47,1,23
"C6",53,1,26
"C6",59,1,29
"C6",65,1,32
"C6",71,1,35
"C6",77,1,38
"C6",83,1,41
"C6",89,1,44
"C6",95,1,47
"C6",101,1,50
"C6",107,1,53
"C6",113,1,56
"C6",119,1,59
"C6",125,1,62
"C6",131,1,65
"C6",137,1,68
"C6",143,1,71
"C6",149,1,74
"C6",155,1,77
"C6",161,1,80
"C6",167,1,83
"C6",173,1,86
"C6",179,1,89
"C6",185,1,92
"C6",191,1,95
"C6",197,1,98
"C6",203,1,101
"C6",209,1,104
"C6",215,1,107
"C6",221,1,110
"C6",227,1,113
"C6",233,1,116
"C6",239,1,119
"C6",245,1,122
"C6",251,1,125
"C6",257,1,128
"C6",263,1,131
"C6",269,1,134
"C6",275,1,137
"C6",281,1,140
"C6",287,1,143
"C6",293,1,146
"C6",299,1,149
"C6",305,1,152
"C6",311,1,155
"C6",317,1,158
"C6",323,1,161
"C6",329,1,164
"C6",335,1,167
"C6",341,1,170
"C6",347,1,173
"C6",353,1,176
"C6",359,1,179
"C6",365,1,182
"C6",371,1,185
"C6",377,1,188
"C6",424,2,11
"C6",430,2,14
"C6",436,2,17
"C6",442,2,20
"C6",448,2,23
"C6",454,2,26
"C6",460,2,29
"C6",466,2,32
"C6",472,2,35
"C6",478,2,38
"C6",484,2,41
"C6",490,2,44
"C6",496,2,47
"C6",502,2,50
"C6",508,2,53
"C6",514,2,56
"C6",520,2,59
"C6",526,2,62
"C6",532,2,65
"C6",538,2,68
"C6",544,2,71
"C6",550,2,74
"C6",556,2,77
"C6",562,2,80
"C6",568,2,83
"C6",574,2,86
"C6",580,2,89
"C6",586,2,92
"C6",592,2,95
"C6",598,2,98
"C6",604,2,101
"C6",610,2,104
"C6",616,2,107
"C6",622,2,110
"C6",628,2,113
"C6",634,2,116
"C6",640,2,119
"C6",646,2,122
"C6",652,2,125
"C6",658,2,128
"C6",664,2,131
"C6",670,2,134
"C6",676,2,137
"C6",682,2,140
"C6",688,2,143
"C6",694,2,146
"C6",700,2,149
"C6",706,2,152
"C6",712,2,155
"C6",718,2,158
"C6",724,2,161
"C6",730,2,164
"C6",736,2,167
"C6",742,2,170
"C6",748,2,173
"C6",754,2,176
"C6",760,2,179
"C6",766,2,182
"C6",772,2,185
"C6",778,2,188
"C6",825,3,11
"C6",831,3,14
"C6",837,3,17
"C6",843,3,20
"C6",849,3,23
"C6",855,3,26
"C6",861,3,29
"C6",867,3,32
"C6",873,3,35
"C6",879,3,38
"C6",885,3,41
"C6",891,3,44
"C6",897,3,47
"C6",903,3,50
"C6",909,3,53
"C6",915,3,56
"C6",921,3,59
"C6",927,3,62
"C6",933,3,65
"C6",939,3,68
"C6",945,3,71
"C6",951,3,74
"C6",957,3,77
"C6",963,3,80
"C6",969,3,83
"C6",975,3,86
"C6",981,3,89
"C6",987,3,92
"C6",993,3,95
"C6",999,3,98
"C6",1005,3,101
"C6",1011,3,104
"C6",1017,3,107
"C6",1023,3,110
"C6",1029,3,113
"C6",1035,3,116
"C6",1041,3,119
"C6",1047,3,122
"C6",1053,3,125
"C6",1059,3,128
"C6",1065,3,131
"C6",1071,3,134
"C6",1077,3,137
"C6",1083,3,140
"C6",1089,3,143
"C6",1095,3,146
"C6",1101,3,149
"C6",1107,3,152
"C6",1113,3,155
"C6",1119,3,158
"C6",1125,3,161
"C6",1131,3,164
"C6",1137,3,167
"C6",1143,3,170
"C6",1149,3,173
"C6",1155,3,176
"C6",1161,3,179
"C6",1167,3,182
"C6",1173,3,185
"C6",1179,3,188
"C6",1226,4,11
"C6",1232,4,14
"C6",1238,4,17
"C6",1244,4,20
"C6",1250,4,23
"C6",1256,4,26
"C6",1262,4,29
"C6",1268,4,32
"C6",1274,4,35
"C6",1280,4,38
"C6",1286,4,41
"C6",1292,4,44
"C6",1298,4,47
"C6",1304,4,50
"C6",1310,4,53
"C6",1316,4,56
"C6",1322,4,59
"C6",1328,4,62
"C6",1334,4,65
"C6",1340,4,68
"C6",1346,4,71
"C6",1352,4,74
"C6",1358,4,77
"C6",1364,4,80
"C6",1370,4,83
"C6",1376,4,86
"C6",1382,4,89
"C6",1388,4,92
"C6",1394,4,95
"C6",1400,4,98
"C6",1406,4,101
"C6",1412,4,104
"C6",1418,4,107
"C6",1424,4,110
"C6",1430,4,113
"C6",1436,4,116
"C6",1442,4,119
"C6",1448,4,122
"C6",1454,4,125
"C6",1460,4,128
"C6",1466,4,131
"C6",1472,4,134
"C6",1478,4,137
"C6",1484,4,140
"C6",1490,4,143
"C6",1496,4,146
"C6",1502,4,149
"C6",1508,4,152
"C6",1514,4,155
"C6",1520,4,158
"C6",1526,4,161
"C6",1532,4,164
"C6",1538,4,167
"C6",1544,4,170
"C6",1550,4,173
"C6",1556,4,176
"C6",1562,4,179
"C6",1568,4,182
"C6",1574,4,185
"C6",1580,4,188
"C6",1627,5,11
"C6",1633,5,14
"C6",1639,5,17
"C6",1645,5,20
"C6",1651,5,23
"C6",1657,5,26
"C6",1663,5,29
"C6",1669,5,32
"C6",1675,5,35
"C6",1681,5,38
"C6",1687,5,41
"C6",1693,5,44
"C6",1699,5,47
"C6",1705,5,50
"C6",1711,5,53
"C6",1717,5,56
"C6",1723,5,59
"C6",1729,5,62
"C6",1735,5,65
"C6",1741,5,68
"C6",1747,5,71
"C6",1753,5,74
"C6",1759,5,77
"C6",1765,5,80
"C6",1771,5,83
"C6",1777,5,86
"C6",1783,5,89
"C6",1789,5,92
"C6",1795,5,95
"C6",1801,5,98
"C6",1807,5,101
"C6",1813,5,104
"C6",1819,5,107
"C6",1825,5,110
"C6",1831,5,113
"C6",1837,5,116
"C6",1843,5,119
"C6",1849,5,122
"C6",1855,5,125
"C6",1861,5,128
"C6",1867,5,131
"C6",1873,5,134
"C6",1879,5,137
"C6",1885,5,140
"C6",1891,5,143
"C6",1897,5,146
"C6",1903,5,149
"C6",1909,5,152
"C6",1915,5,155
"C6",1921,5,158
"C6",1927,5,161
"C6",1933,5,164
"C6",1939,5,167
"C6",1945,5,170
"C6",1951,5,173
"C6",1957,5,176
"C6",1963,5,179
"C6",1969,5,182
"C6",1975,5,185
"C6",1981,5,188
"C6",2028,6,11
"C6",2034,6,14
"C6",2040,6,17
"C6",2046,6,20
"C6",2052,6,23
"C6",2058,6,26
"C6",2064,6,29
"C6",2070,6,32
"C6",2076,6,35
"C6",2082,6,38
"C6",2088,6,41
"C6",2094,6,44
"C6",2100,6,47
"C6",2106,6,50
"C6",2112,6,53
"C6",2118,6,56
"C6",2124,6,59
"C6",2130,6,62
"C6",2136,6,65
"C6",2142,6,68
"C6",2148,6,71
"C6",2154,6,74
"C6",2160,6,77
"C6",2166,6,80
"C6",2172,6,83
"C6",2178,6,86
"C6",2184,6,89
"C6",2190,6,92
"C6",2196,6,95
"C6",2202,6,98
"C6",2208,6,101
"C6",2214,6,104
"C6",2220,6,107
"C6",2226,6,110
"C6",2232,6,113
"C6",2238,6,116
"C6",2244,6,119
"C6",2250,6,122
"C6",2256,6,125
"C6",2262,6,128
"C6",2268,6,131
"C6",2274,6,134
"C6",2280,6,137
"C6",2286,6,140
"C6",2292,6,143
"C6",2298,6,146
"C6",2304,6,149
"C6",2310,6,152
"C6",2316,6,155
"C6",2322,6,158
"C6",2328,6,161
"C6",2334,6,164
"C6",2340,6,167
"C6",2346,6,170
"C6",2352,6,173
"C6",2358,6,176
"C6",2364,6,179
"C6",2370,6,182
"C6",2376,6,185
"C6",2382,6,188
"C6",2429,7,11
"C6",2435,7,14
"C6",2441,7,17
"C6",2447,7,20
"C6",2453,7,23
"C6",2459,7,26
"C6",2465,7,29
"C6",2471,7,32
"C6",2477,7,35
"C6",2483,7,38
"C6",2489,7,41
"C6",2495,7,44
"C6",2501,7,47
"C6",2507,7,50
"C6",2513,7,53
"C6",2519,7,56
"C6",2525,7,59
"C6",2531,7,62
"C6",2537,7,65
"C6",2543,7,68
"C6",2549,7,71
"C6",2555,7,74
"C6",2561,7,77
"C6",2567,7,80
"C6",2573,7,83
"C6",2579,7,86
"C6",2585,7,89
"C6",2591,7,92
"C6",2597,7,95
"C6",2603,7,98
"C6",2609,7,101
"C6",2615,7,104
"C6",2621,7,107
"C6",2627,7,110
"C6",2633,7,113
"C6",2639,7,116
"C6",2645,7,119
"C6",2651,7,122
"C6",2657,7,125
"C6",2663,7,128
"C6",2669,7,131
"C6",2675,7,134
"C6",2681,7,137
"C6",2687,7,140
"C6",2693,7,143
"C6",2699,7,146
"C6",2705,7,149
"C6",2711,7,152
"C6",2717,7,155
"C6",2723,7,158
"C6",2729,7,161
"C6",2735,7,164
"C6",2741,7,167
"C6",2747,7,170
"C6",2753,7,173
"C6",2759,7,176
"C6",2765,7,179
"C6",2771,7,182
"C6",2777,7,185
"C6",2783,7,188
"C6",2830,8,11
"C6",2836,8,14
"C6",2842,8,17
"C6",2848,8,20
"C6",2854,8,23
"C6",2860,8,26
"C6",2866,8,29
"C6",2872,8,32
"C6",2878,8,35
"C6",2884,8,38
"C6",2890,8,41
"C6",2896,8,44
"C6",2902,8,47
"C6",2908,8,50
"C6",2914,8,53
"C6",2920,8,56
"C6",2926,8,59
"C6",2932,8,62
"C6",2938,8,65
"C6",2944,8,68
"C6",2950,8,71
"C6",2956,8,74
"C6",2962,8,77
"C6",2968,8,80
"C6",2974,8,83
"C6",2980,8,86
"C6",2986,8,89
"C6",2992,8,92
"C6",2998,8,95
"C6",3004,8,98
"C6",3010,8,101
"C6",3016,8,104
"C6",3022,8,107
"C6",3028,8,110
"C6",3034,8,113
"C6",3040,8,116
"C6",3046,8,119
"C6",3052,8,122
"C6",3058,8,125
"C6",3064,8,128
"C6",3070,8,131
"C6",3076,8,134
"C6",3082,8,137
"C6",3088,8,140
"C6",3094,8,143
"C6",3100,8,146
"C6",3106,8,149
"C6",3112,8,152
"C6",3118,8,155
"C6",3124,8,158
"C6",3130,8,161
"C6",3136,8,164
"C6",3142,8,167
"C6",3148,8,170
"C6",3154,8,173
"C6",3160,8,176
"C6",3166,8,179
"C6",3172,8,182
"C6",3178,8,185
"C6",3184,8,188
