"Scenario","Model","Metric","N","Mean_advantage","Median_advantage","ANN_better","Equal","GBLUP_better"
"C1","ANN_0","Genetic_Correlation",25,-0.146145824777418,-0.152817002426703,0,0,25
"C1","ANN_0","Genetic_RMSE",25,-0.271174792215815,-0.280637662399286,0,0,25
"C1","ANN_0","Genetic_MAE",25,-0.203656342990568,-0.217688217266517,0,0,25
"C1","ANN_0","Genetic_Bias",25,-0.0569699426475449,-0.0503431302890813,7,0,18
"C1","ANN_0","Genetic_Slope",25,-0.0899866298272311,-0.118952432145917,4,0,21
"C1","ANN_0","Genetic_R2",25,-0.210362938369379,-0.216559077350327,0,0,25
"C1","ANN_0","Phenotype_Correlation",25,-0.126881054118885,-0.130866970323788,0,0,25
"C1","ANN_0","Phenotype_RMSE",25,-0.209151580824946,-0.215927919813675,0,0,25
"C1","ANN_0","Phenotype_MAE",25,-0.166716602617667,-0.160782245247918,0,0,25
"C1","ANN_0","Phenotype_Bias",25,-0.0579533270092976,-0.0639903191112454,6,0,19
"C1","ANN_0","Phenotype_Slope",25,-0.0768876289086626,-0.113195791055354,7,0,18
"C1","ANN_0","Phenotype_R2",25,-0.154186627186713,-0.157054581344685,0,0,25
"C2","ANN_0","Genetic_Correlation",25,-0.0276757326005763,-0.0187315584861067,1,0,24
"C2","ANN_0","Genetic_RMSE",25,-0.0492818953413225,-0.0431134907534049,0,0,25
"C2","ANN_0","Genetic_MAE",25,-0.0375990785988959,-0.0265617045327077,0,0,25
"C2","ANN_0","Genetic_Bias",25,-0.0333021459832912,-0.0203935934009593,7,0,18
"C2","ANN_0","Genetic_Slope",25,-0.128389772945596,-0.106767409198429,4,0,21
"C2","ANN_0","Genetic_R2",25,-0.0712816967750663,-0.0565225731177248,0,0,25
"C2","ANN_0","Phenotype_Correlation",25,-0.022409445282732,-0.0208700320735216,2,0,23
"C2","ANN_0","Phenotype_RMSE",25,-0.0360375885833248,-0.0290606196973141,0,0,25
"C2","ANN_0","Phenotype_MAE",25,-0.0321286762804376,-0.0258255510990391,1,0,24
"C2","ANN_0","Phenotype_Bias",25,-0.0295445488488001,-0.0177234412644044,6,0,19
"C2","ANN_0","Phenotype_Slope",25,-0.11909359867539,-0.101649374679787,5,0,20
"C2","ANN_0","Phenotype_R2",25,-0.0539606723850061,-0.0417530020067342,0,0,25
"C3","ANN_0","Genetic_Correlation",25,-0.0160736727274289,-0.0149898183881065,6,0,19
"C3","ANN_0","Genetic_RMSE",25,-0.0360906259321316,-0.0336015539178036,3,0,22
"C3","ANN_0","Genetic_MAE",25,-0.0292602438079651,-0.0338664248211201,3,0,22
"C3","ANN_0","Genetic_Bias",25,-0.0532172144730211,-0.0251728265544725,3,0,22
"C3","ANN_0","Genetic_Slope",25,-0.112662547763703,-0.0822209125336145,5,0,20
"C3","ANN_0","Genetic_R2",25,-0.0667230212778822,-0.0591218083229604,3,0,22
"C3","ANN_0","Phenotype_Correlation",25,-0.00995771844265194,-0.0091850715823778,8,0,17
"C3","ANN_0","Phenotype_RMSE",25,-0.0227628201452159,-0.0277470359441754,6,0,19
"C3","ANN_0","Phenotype_MAE",25,-0.0157555265476307,-0.011823465383318,6,0,19
"C3","ANN_0","Phenotype_Bias",25,-0.0498556191590052,-0.0260083778401623,5,0,20
"C3","ANN_0","Phenotype_Slope",25,-0.113385140964857,-0.0798436164201271,3,0,22
"C3","ANN_0","Phenotype_R2",25,-0.0422699234483333,-0.0468163822748834,6,0,19
"C4","ANN_0","Genetic_Correlation",25,-0.0284580507799211,-0.0229493736336068,1,0,24
"C4","ANN_0","Genetic_RMSE",25,-0.0485256567906376,-0.0358288016642411,0,0,25
"C4","ANN_0","Genetic_MAE",25,-0.0395909463911619,-0.0294356820006259,0,0,25
"C4","ANN_0","Genetic_Bias",25,-0.0315589527451252,-0.0018695827132229,11,0,14
"C4","ANN_0","Genetic_Slope",25,-0.132149747489295,-0.117470975345482,4,0,21
"C4","ANN_0","Genetic_R2",25,-0.0964374652243251,-0.0620413780526461,0,0,25
"C4","ANN_0","Phenotype_Correlation",25,-0.0175807809505117,-0.0200804554643863,4,0,21
"C4","ANN_0","Phenotype_RMSE",25,-0.0210958873039481,-0.0224373380245404,2,0,23
"C4","ANN_0","Phenotype_MAE",25,-0.0149922143545976,-0.0157725521755742,3,0,22
"C4","ANN_0","Phenotype_Bias",25,-0.0229504309173204,-0.00565552459494441,11,0,14
"C4","ANN_0","Phenotype_Slope",25,-0.0968950214799489,-0.0617243178836137,8,0,17
"C4","ANN_0","Phenotype_R2",25,-0.0415965760075719,-0.0432902344049976,2,0,23
"C5","ANN_0","Genetic_Correlation",25,-0.0110973994398257,-0.000445995811583444,12,0,13
"C5","ANN_0","Genetic_RMSE",25,-0.0289731036426394,-0.0295147098469177,5,0,20
"C5","ANN_0","Genetic_MAE",25,-0.0195797668602176,-0.0176418777627322,5,0,20
"C5","ANN_0","Genetic_Bias",25,-0.0260544034854919,-0.00973930872953467,7,0,18
"C5","ANN_0","Genetic_Slope",25,-0.133383948712244,-0.148045443910188,0,0,25
"C5","ANN_0","Genetic_R2",25,-0.0698324528845926,-0.0629610933322554,5,0,20
"C5","ANN_0","Phenotype_Correlation",25,-0.00662984208632111,-0.00434345333636471,11,0,14
"C5","ANN_0","Phenotype_RMSE",25,-0.0115100289528174,-0.0105314129873871,6,0,19
"C5","ANN_0","Phenotype_MAE",25,-0.00921798482402085,-0.00646847473856227,6,0,19
"C5","ANN_0","Phenotype_Bias",25,-0.0176470938675888,-0.00910116341431562,7,0,18
"C5","ANN_0","Phenotype_Slope",25,-0.0791781804273916,-0.0932195958818738,5,0,20
"C5","ANN_0","Phenotype_R2",25,-0.0255671164135669,-0.0224695968697102,6,0,19
"C6","ANN_0","Genetic_Correlation",25,-0.0185324713679337,-0.012986498722298,7,0,18
"C6","ANN_0","Genetic_RMSE",25,-0.0339634329572593,-0.0262053779185601,4,0,21
"C6","ANN_0","Genetic_MAE",25,-0.0263770806811227,-0.0235550888237263,4,0,21
"C6","ANN_0","Genetic_Bias",25,-0.0355454921194467,-0.0295897558033803,5,0,20
"C6","ANN_0","Genetic_Slope",25,-0.0732731009114525,-0.0774194557524801,5,0,20
"C6","ANN_0","Genetic_R2",25,-0.0797933028089495,-0.0579559783218956,4,0,21
"C6","ANN_0","Phenotype_Correlation",25,-0.0115889933440319,-0.0105052679872473,6,0,19
"C6","ANN_0","Phenotype_RMSE",25,-0.0127609574396977,-0.0120258929976558,4,0,21
"C6","ANN_0","Phenotype_MAE",25,-0.00783872048192017,-0.00807507165224608,6,0,19
"C6","ANN_0","Phenotype_Bias",25,-0.023981202589712,-0.0271744274145917,7,0,18
"C6","ANN_0","Phenotype_Slope",25,-0.0663185425331069,-0.045891621549071,9,0,16
"C6","ANN_0","Phenotype_R2",25,-0.0323696020466658,-0.0301645375912938,4,0,21
"C1","ANN_L1","Genetic_Correlation",25,-0.0463469173298274,-0.0437839190169741,5,0,20
"C1","ANN_L1","Genetic_RMSE",25,-0.0931696012799211,-0.095867832300685,5,0,20
"C1","ANN_L1","Genetic_MAE",25,-0.0676559191743683,-0.0707861077641407,5,0,20
"C1","ANN_L1","Genetic_Bias",25,-0.0439793602496265,-0.0217211994434421,11,0,14
"C1","ANN_L1","Genetic_Slope",25,-0.0626761983332813,-0.04740930495845,6,0,19
"C1","ANN_L1","Genetic_R2",25,-0.0707954972000745,-0.0673128221439542,5,0,20
"C1","ANN_L1","Phenotype_Correlation",25,-0.0366333991296545,-0.0393736368854887,5,0,20
"C1","ANN_L1","Phenotype_RMSE",25,-0.065763020804865,-0.0622859337912272,4,0,21
"C1","ANN_L1","Phenotype_MAE",25,-0.0550429168122249,-0.0347071691779854,6,0,19
"C1","ANN_L1","Phenotype_Bias",25,-0.0523151964857484,-0.0323285210821794,8,0,17
"C1","ANN_L1","Phenotype_Slope",25,-0.0408803016625935,-0.0360182923541861,9,0,16
"C1","ANN_L1","Phenotype_R2",25,-0.047038176926649,-0.0455798353326698,4,0,21
"C2","ANN_L1","Genetic_Correlation",25,-0.0272184030217039,-0.0196617202711427,1,0,24
"C2","ANN_L1","Genetic_RMSE",25,-0.0464919693035671,-0.0428637795679632,0,0,25
"C2","ANN_L1","Genetic_MAE",25,-0.0369511643382739,-0.0357606457356294,0,0,25
"C2","ANN_L1","Genetic_Bias",25,-0.0301914812846916,-0.0230986199387854,8,0,17
"C2","ANN_L1","Genetic_Slope",25,-0.11757410498265,-0.0955812899957426,4,0,21
"C2","ANN_L1","Genetic_R2",25,-0.0669559126447082,-0.0680203870160276,0,0,25
"C2","ANN_L1","Phenotype_Correlation",25,-0.0211671964341025,-0.0169002196001925,2,0,23
"C2","ANN_L1","Phenotype_RMSE",25,-0.0321326499292256,-0.0250543320287595,2,0,23
"C2","ANN_L1","Phenotype_MAE",25,-0.0285260290383567,-0.0239933084902739,1,0,24
"C2","ANN_L1","Phenotype_Bias",25,-0.0253470522360415,-0.020465900612157,9,0,16
"C2","ANN_L1","Phenotype_Slope",25,-0.110911329946628,-0.0852251330909791,4,0,21
"C2","ANN_L1","Phenotype_R2",25,-0.0483056328239526,-0.0345684122942893,2,0,23
"C3","ANN_L1","Genetic_Correlation",25,-0.0169710955065491,-0.0124677605017991,7,0,18
"C3","ANN_L1","Genetic_RMSE",25,-0.0334281306552952,-0.0337511795357125,4,0,21
"C3","ANN_L1","Genetic_MAE",25,-0.0273363926169752,-0.0230722991103946,3,0,22
"C3","ANN_L1","Genetic_Bias",25,-0.0385250351741085,-0.0181969457522568,5,0,20
"C3","ANN_L1","Genetic_Slope",25,-0.118326244103965,-0.0714262634194208,3,0,22
"C3","ANN_L1","Genetic_R2",25,-0.0613939207883683,-0.0583094045701941,4,0,21
"C3","ANN_L1","Phenotype_Correlation",25,-0.0108432734210199,-0.0112296124058665,8,0,17
"C3","ANN_L1","Phenotype_RMSE",25,-0.0217699332690863,-0.0145986317147887,5,0,20
"C3","ANN_L1","Phenotype_MAE",25,-0.0143775660975534,-0.0129497942839171,5,0,20
"C3","ANN_L1","Phenotype_Bias",25,-0.0362716987529022,-0.0154977326465939,8,0,17
"C3","ANN_L1","Phenotype_Slope",25,-0.116813462744107,-0.0869709941031193,3,0,22
"C3","ANN_L1","Phenotype_R2",25,-0.0396254372414351,-0.0278764511353513,5,0,20
"C4","ANN_L1","Genetic_Correlation",25,-0.028370336381233,-0.0223729653761862,2,0,23
"C4","ANN_L1","Genetic_RMSE",25,-0.0447479876360109,-0.0350763975923606,0,0,25
"C4","ANN_L1","Genetic_MAE",25,-0.0366774890185684,-0.0258079930972555,0,0,25
"C4","ANN_L1","Genetic_Bias",25,-0.0309893548037209,-0.0084944446370617,10,0,15
"C4","ANN_L1","Genetic_Slope",25,-0.11395402425029,-0.092101023440143,5,0,20
"C4","ANN_L1","Genetic_R2",25,-0.0885428239199756,-0.0606186562352187,0,0,25
"C4","ANN_L1","Phenotype_Correlation",25,-0.0173275388329175,-0.0198169661436498,4,0,21
"C4","ANN_L1","Phenotype_RMSE",25,-0.0189639994141919,-0.0184761957929236,3,0,22
"C4","ANN_L1","Phenotype_MAE",25,-0.0135262911036578,-0.0156061240949574,2,0,23
"C4","ANN_L1","Phenotype_Bias",25,-0.0167710043121673,-0.000155195448569005,12,0,13
"C4","ANN_L1","Phenotype_Slope",25,-0.0851657958257131,-0.0429767670484263,9,0,16
"C4","ANN_L1","Phenotype_R2",25,-0.0372714896942645,-0.0336665653270024,3,0,22
"C5","ANN_L1","Genetic_Correlation",25,-0.0168919562883469,-0.0150306233683666,10,0,15
"C5","ANN_L1","Genetic_RMSE",25,-0.0310962470237759,-0.0323944854672764,4,0,21
"C5","ANN_L1","Genetic_MAE",25,-0.0223002125361814,-0.0212206571059392,4,0,21
"C5","ANN_L1","Genetic_Bias",25,-0.0224300561565093,-0.0117771462386047,8,0,17
"C5","ANN_L1","Genetic_Slope",25,-0.165385462722877,-0.118676559697042,2,0,23
"C5","ANN_L1","Genetic_R2",25,-0.074872384080582,-0.0696845659850078,4,0,21
"C5","ANN_L1","Phenotype_Correlation",25,-0.0102628765952035,-0.00945140905969361,9,0,16
"C5","ANN_L1","Phenotype_RMSE",25,-0.0111192978182089,-0.00870585813488378,4,0,21
"C5","ANN_L1","Phenotype_MAE",25,-0.00728579761524945,-0.00473430293631982,7,0,18
"C5","ANN_L1","Phenotype_Bias",25,-0.0143451083903495,-0.0117771462386047,7,0,18
"C5","ANN_L1","Phenotype_Slope",25,-0.0904320584543538,-0.0977225523248851,8,0,17
"C5","ANN_L1","Phenotype_R2",25,-0.0247027791280472,-0.0178842636358403,4,0,21
"C6","ANN_L1","Genetic_Correlation",25,-0.0148723060122367,-0.0134616018911737,6,0,19
"C6","ANN_L1","Genetic_RMSE",25,-0.0277007057641888,-0.0259391196476048,3,0,22
"C6","ANN_L1","Genetic_MAE",25,-0.0212836092338864,-0.0224108772947188,4,0,21
"C6","ANN_L1","Genetic_Bias",25,-0.0281920367738327,-0.0209599642492888,7,0,18
"C6","ANN_L1","Genetic_Slope",25,-0.070122695500078,-0.0614047055414346,7,0,18
"C6","ANN_L1","Genetic_R2",25,-0.0636794221525915,-0.0568912735463283,3,0,22
"C6","ANN_L1","Phenotype_Correlation",25,-0.0117830805402138,-0.00885929764782278,7,0,18
"C6","ANN_L1","Phenotype_RMSE",25,-0.0104033016675576,-0.00992014899332616,6,0,19
"C6","ANN_L1","Phenotype_MAE",25,-0.00650827114628985,-0.00793689060290936,6,0,19
"C6","ANN_L1","Phenotype_Bias",25,-0.019503907245074,-0.0200851367100154,9,0,16
"C6","ANN_L1","Phenotype_Slope",25,-0.0590131489233185,-0.0587575019204768,9,0,16
"C6","ANN_L1","Phenotype_R2",25,-0.0259617927421269,-0.0243752518908066,6,0,19
"C1","ANN_L1_L2","Genetic_Correlation",25,-0.0455911851945284,-0.0405886075289028,5,0,20
"C1","ANN_L1_L2","Genetic_RMSE",25,-0.0915306563176171,-0.0976939149141487,5,0,20
"C1","ANN_L1_L2","Genetic_MAE",25,-0.0664060740474903,-0.0721171432700429,5,0,20
"C1","ANN_L1_L2","Genetic_Bias",25,-0.0456782314665088,-0.0254430862742029,10,0,15
"C1","ANN_L1_L2","Genetic_Slope",25,-0.0576034113584794,-0.0471617505591257,6,0,19
"C1","ANN_L1_L2","Genetic_R2",25,-0.0694681825142139,-0.0717688892169625,5,0,20
"C1","ANN_L1_L2","Phenotype_Correlation",25,-0.0354569096401243,-0.0404654295367869,5,0,20
"C1","ANN_L1_L2","Phenotype_RMSE",25,-0.0637102677873784,-0.0585037297190734,5,0,20
"C1","ANN_L1_L2","Phenotype_MAE",25,-0.0527200865103981,-0.0370886472694987,6,0,19
"C1","ANN_L1_L2","Phenotype_Bias",25,-0.0510718248904641,-0.0385253082887771,8,0,17
"C1","ANN_L1_L2","Phenotype_Slope",25,-0.0395514875730561,-0.0491558915608845,9,0,16
"C1","ANN_L1_L2","Phenotype_R2",25,-0.0455642026085398,-0.0427701074620779,5,0,20
"C2","ANN_L1_L2","Genetic_Correlation",25,-0.027243424773402,-0.0206665893703111,1,0,24
"C2","ANN_L1_L2","Genetic_RMSE",25,-0.0463752348709452,-0.0428051871653496,0,0,25
"C2","ANN_L1_L2","Genetic_MAE",25,-0.0369007273027995,-0.0357612773595548,0,0,25
"C2","ANN_L1_L2","Genetic_Bias",25,-0.0299180270680502,-0.0231589475880533,8,0,17
"C2","ANN_L1_L2","Genetic_Slope",25,-0.115876991595374,-0.0937593172570156,4,0,21
"C2","ANN_L1_L2","Genetic_R2",25,-0.0667747378744825,-0.0665793884255103,0,0,25
"C2","ANN_L1_L2","Phenotype_Correlation",25,-0.0212117213063462,-0.0161343533104676,2,0,23
"C2","ANN_L1_L2","Phenotype_RMSE",25,-0.0320044139707663,-0.0250309940708289,3,0,22
"C2","ANN_L1_L2","Phenotype_MAE",25,-0.028487530229537,-0.0239323174214998,1,0,24
"C2","ANN_L1_L2","Phenotype_Bias",25,-0.0252801358143806,-0.0230766793634994,9,0,16
"C2","ANN_L1_L2","Phenotype_Slope",25,-0.109061531000908,-0.08556244176466,4,0,21
"C2","ANN_L1_L2","Phenotype_R2",25,-0.048101082211175,-0.034535706485046,3,0,22
"C3","ANN_L1_L2","Genetic_Correlation",25,-0.0166135097179574,-0.0126223992607107,7,0,18
"C3","ANN_L1_L2","Genetic_RMSE",25,-0.0327633148026144,-0.033548852427924,4,0,21
"C3","ANN_L1_L2","Genetic_MAE",25,-0.0269116937704836,-0.023070697297852,3,0,22
"C3","ANN_L1_L2","Genetic_Bias",25,-0.0367634707128339,-0.0183748488960888,5,0,20
"C3","ANN_L1_L2","Genetic_Slope",25,-0.118334242145258,-0.0715743173077216,3,0,22
"C3","ANN_L1_L2","Genetic_R2",25,-0.0600486062340204,-0.0585105979037863,4,0,21
"C3","ANN_L1_L2","Phenotype_Correlation",25,-0.0107682252329608,-0.0112244217716744,8,0,17
"C3","ANN_L1_L2","Phenotype_RMSE",25,-0.0212822131821217,-0.0147075225918033,5,0,20
"C3","ANN_L1_L2","Phenotype_MAE",25,-0.0141803488704889,-0.0129174533116058,5,0,20
"C3","ANN_L1_L2","Phenotype_Bias",25,-0.0345983477168847,-0.0096273122169908,8,0,17
"C3","ANN_L1_L2","Phenotype_Slope",25,-0.117078478434822,-0.0864457066599505,3,0,22
"C3","ANN_L1_L2","Phenotype_R2",25,-0.0386798862384527,-0.0256264784891613,5,0,20
"C4","ANN_L1_L2","Genetic_Correlation",25,-0.0295809352044629,-0.0253347456626608,2,0,23
"C4","ANN_L1_L2","Genetic_RMSE",25,-0.0453830777209393,-0.0332250928259146,0,0,25
"C4","ANN_L1_L2","Genetic_MAE",25,-0.0370582035069018,-0.0243629244683844,0,0,25
"C4","ANN_L1_L2","Genetic_Bias",25,-0.0266213297377256,-0.00136592367469696,10,0,15
"C4","ANN_L1_L2","Genetic_Slope",25,-0.117980092892693,-0.0908153987293909,5,0,20
"C4","ANN_L1_L2","Genetic_R2",25,-0.0898749259307006,-0.0561979945306874,0,0,25
"C4","ANN_L1_L2","Phenotype_Correlation",25,-0.0181242356677378,-0.0214543756898676,4,0,21
"C4","ANN_L1_L2","Phenotype_RMSE",25,-0.0196424910175143,-0.0181611802294858,2,0,23
"C4","ANN_L1_L2","Phenotype_MAE",25,-0.0139450635785414,-0.01426832188486,2,0,23
"C4","ANN_L1_L2","Phenotype_Bias",25,-0.0200897762064121,-0.000236523562438085,12,0,13
"C4","ANN_L1_L2","Phenotype_Slope",25,-0.0939325725696722,-0.0432930961655188,9,0,16
"C4","ANN_L1_L2","Phenotype_R2",25,-0.0386463498530076,-0.0327715143408006,2,0,23
"C5","ANN_L1_L2","Genetic_Correlation",25,-0.0163425090457433,-0.0248210091213528,10,0,15
"C5","ANN_L1_L2","Genetic_RMSE",25,-0.0325162171817371,-0.0330984519198541,4,0,21
"C5","ANN_L1_L2","Genetic_MAE",25,-0.0231903150083927,-0.021804238694258,5,0,20
"C5","ANN_L1_L2","Genetic_Bias",25,-0.0224599145366454,-0.011759449637135,8,0,17
"C5","ANN_L1_L2","Genetic_Slope",25,-0.17213089886937,-0.116170591840658,1,0,24
"C5","ANN_L1_L2","Genetic_R2",25,-0.0776952290786469,-0.0705635883547646,4,0,21
"C5","ANN_L1_L2","Phenotype_Correlation",25,-0.010906717309147,-0.0110391012965286,9,0,16
"C5","ANN_L1_L2","Phenotype_RMSE",25,-0.011985730563316,-0.00867090012414384,5,0,20
"C5","ANN_L1_L2","Phenotype_MAE",25,-0.00808006094784618,-0.00492880559316211,8,0,17
"C5","ANN_L1_L2","Phenotype_Bias",25,-0.0143749667704856,-0.011759449637135,7,0,18
"C5","ANN_L1_L2","Phenotype_Slope",25,-0.0988303087784415,-0.0981616778180521,8,0,17
"C5","ANN_L1_L2","Phenotype_R2",25,-0.0265987400539445,-0.0178120256165624,5,0,20
"C6","ANN_L1_L2","Genetic_Correlation",25,-0.0139129785766564,-0.01378754005266,6,0,19
"C6","ANN_L1_L2","Genetic_RMSE",25,-0.0260653569113492,-0.0259761731694779,3,0,22
"C6","ANN_L1_L2","Genetic_MAE",25,-0.0198380574200534,-0.0224488012536772,4,0,21
"C6","ANN_L1_L2","Genetic_Bias",25,-0.0268115580156364,-0.0210830233668084,8,0,17
"C6","ANN_L1_L2","Genetic_Slope",25,-0.0658736562550597,-0.0638474550648758,7,0,18
"C6","ANN_L1_L2","Genetic_R2",25,-0.0594645816415842,-0.0569881416265606,3,0,22
"C6","ANN_L1_L2","Phenotype_Correlation",25,-0.010907807862514,-0.0088945165666845,7,0,18
"C6","ANN_L1_L2","Phenotype_RMSE",25,-0.00959811379785261,-0.00968410071652448,5,0,20
"C6","ANN_L1_L2","Phenotype_MAE",25,-0.00591121508351124,-0.00784429765538464,6,0,19
"C6","ANN_L1_L2","Phenotype_Bias",25,-0.0188931966999813,-0.0200684829541232,10,0,15
"C6","ANN_L1_L2","Phenotype_Slope",25,-0.0539505618866098,-0.05888294276396,9,0,16
"C6","ANN_L1_L2","Phenotype_R2",25,-0.0239796985534357,-0.0219105300056969,5,0,20
"C1","ANN_L2","Genetic_Correlation",25,-0.145564579525446,-0.152723643575884,0,0,25
"C1","ANN_L2","Genetic_RMSE",25,-0.270943093452998,-0.286271232311134,0,0,25
"C1","ANN_L2","Genetic_MAE",25,-0.202883245989869,-0.218138714031571,0,0,25
"C1","ANN_L2","Genetic_Bias",25,-0.0562220023654204,-0.0530533618928258,8,0,17
"C1","ANN_L2","Genetic_Slope",25,-0.0922112943436201,-0.119036205583036,4,0,21
"C1","ANN_L2","Genetic_R2",25,-0.210164988634315,-0.218723174331308,0,0,25
"C1","ANN_L2","Phenotype_Correlation",25,-0.125674657531871,-0.127773577737281,0,0,25
"C1","ANN_L2","Phenotype_RMSE",25,-0.207671220824689,-0.214440416035395,0,0,25
"C1","ANN_L2","Phenotype_MAE",25,-0.165674178520468,-0.160011160963856,0,0,25
"C1","ANN_L2","Phenotype_Bias",25,-0.0568279507577843,-0.0654183867003082,7,0,18
"C1","ANN_L2","Phenotype_Slope",25,-0.0779398005315876,-0.111726578005308,7,0,18
"C1","ANN_L2","Phenotype_R2",25,-0.152947995892434,-0.159835065311559,0,0,25
"C2","ANN_L2","Genetic_Correlation",25,-0.0273070901971898,-0.0184387119619204,1,0,24
"C2","ANN_L2","Genetic_RMSE",25,-0.0485597370886128,-0.0431782960654933,0,0,25
"C2","ANN_L2","Genetic_MAE",25,-0.0370387302820988,-0.0263818463077458,0,0,25
"C2","ANN_L2","Genetic_Bias",25,-0.0322076436747782,-0.0200730063429373,8,0,17
"C2","ANN_L2","Genetic_Slope",25,-0.127357612798328,-0.104644100941571,4,0,21
"C2","ANN_L2","Genetic_R2",25,-0.0703327726883943,-0.0565214534465563,0,0,25
"C2","ANN_L2","Phenotype_Correlation",25,-0.0221535778597453,-0.0197573790143515,2,0,23
"C2","ANN_L2","Phenotype_RMSE",25,-0.0355044072234532,-0.0281222692030201,0,0,25
"C2","ANN_L2","Phenotype_MAE",25,-0.0314945236647363,-0.0257113829229292,1,0,24
"C2","ANN_L2","Phenotype_Bias",25,-0.0284593533730278,-0.017723506639175,7,0,18
"C2","ANN_L2","Phenotype_Slope",25,-0.118199381494801,-0.101604117601669,5,0,20
"C2","ANN_L2","Phenotype_R2",25,-0.0532224861963039,-0.0403821401387182,0,0,25
"C3","ANN_L2","Genetic_Correlation",25,-0.0159137891822842,-0.0126015795708994,6,0,19
"C3","ANN_L2","Genetic_RMSE",25,-0.0360478122809051,-0.0336430477975136,3,0,22
"C3","ANN_L2","Genetic_MAE",25,-0.0292450731585015,-0.0339080309326051,3,0,22
"C3","ANN_L2","Genetic_Bias",25,-0.0525745420955517,-0.0258286377818628,3,0,22
"C3","ANN_L2","Genetic_Slope",25,-0.113599931447892,-0.0849602572531274,5,0,20
"C3","ANN_L2","Genetic_R2",25,-0.0666264275675926,-0.0591975287715137,3,0,22
"C3","ANN_L2","Phenotype_Correlation",25,-0.00973855077780083,-0.00935507651096656,8,0,17
"C3","ANN_L2","Phenotype_RMSE",25,-0.0227523482691068,-0.027531111697544,6,0,19
"C3","ANN_L2","Phenotype_MAE",25,-0.0156580818614741,-0.0120141539066874,6,0,19
"C3","ANN_L2","Phenotype_Bias",25,-0.0492559508882841,-0.0254625863680415,5,0,20
"C3","ANN_L2","Phenotype_Slope",25,-0.114225808349957,-0.086176899634348,4,0,21
"C3","ANN_L2","Phenotype_R2",25,-0.0422580288589444,-0.0463088448057809,6,0,19
"C4","ANN_L2","Genetic_Correlation",25,-0.0287820389277622,-0.0248286659333522,2,0,23
"C4","ANN_L2","Genetic_RMSE",25,-0.0478845296869647,-0.0357474054480987,0,0,25
"C4","ANN_L2","Genetic_MAE",25,-0.0389691094556873,-0.0294391746039017,0,0,25
"C4","ANN_L2","Genetic_Bias",25,-0.0302732033392778,-0.00566328457677032,10,0,15
"C4","ANN_L2","Genetic_Slope",25,-0.129814342871417,-0.117427182204938,5,0,20
"C4","ANN_L2","Genetic_R2",25,-0.0950288995318398,-0.0618927359060067,0,0,25
"C4","ANN_L2","Phenotype_Correlation",25,-0.0177171369704609,-0.0200780563847425,4,0,21
"C4","ANN_L2","Phenotype_RMSE",25,-0.0207307678734704,-0.0211514424373892,2,0,23
"C4","ANN_L2","Phenotype_MAE",25,-0.0148140965525861,-0.0160765065212891,3,0,22
"C4","ANN_L2","Phenotype_Bias",25,-0.021594326316358,-0.0056632845767703,11,0,14
"C4","ANN_L2","Phenotype_Slope",25,-0.0943081784951959,-0.0612036424111109,8,0,17
"C4","ANN_L2","Phenotype_R2",25,-0.0408490008762633,-0.0420677697494741,2,0,23
"C5","ANN_L2","Genetic_Correlation",25,-0.0106705507242058,0.000927432149112395,13,0,12
"C5","ANN_L2","Genetic_RMSE",25,-0.0283764857580173,-0.028909969527757,5,0,20
"C5","ANN_L2","Genetic_MAE",25,-0.0191157149257731,-0.0183888769121956,5,0,20
"C5","ANN_L2","Genetic_Bias",25,-0.0266729346773255,-0.0120616561835146,8,0,17
"C5","ANN_L2","Genetic_Slope",25,-0.129465779217435,-0.147335748069685,0,0,25
"C5","ANN_L2","Genetic_R2",25,-0.0682925258091691,-0.0616021140054503,5,0,20
"C5","ANN_L2","Phenotype_Correlation",25,-0.00644861011187375,-0.0030402926138669,10,0,15
"C5","ANN_L2","Phenotype_RMSE",25,-0.0114224127880388,-0.0109566178480502,6,0,19
"C5","ANN_L2","Phenotype_MAE",25,-0.00914739308672307,-0.00686565867100586,6,0,19
"C5","ANN_L2","Phenotype_Bias",25,-0.0181954669111657,-0.0120616561835146,7,0,18
"C5","ANN_L2","Phenotype_Slope",25,-0.0755630332697024,-0.0895994005163494,6,0,19
"C5","ANN_L2","Phenotype_R2",25,-0.0253642405442357,-0.0225424889095713,6,0,19
"C6","ANN_L2","Genetic_Correlation",25,-0.01826477318076,-0.013073555967501,7,0,18
"C6","ANN_L2","Genetic_RMSE",25,-0.0342498747853189,-0.0261333810990758,4,0,21
"C6","ANN_L2","Genetic_MAE",25,-0.0264928931338989,-0.0233725089935761,4,0,21
"C6","ANN_L2","Genetic_Bias",25,-0.0346130517513413,-0.0295648369398727,6,0,19
"C6","ANN_L2","Genetic_Slope",25,-0.0750235476511088,-0.0784666190190756,5,0,20
"C6","ANN_L2","Genetic_R2",25,-0.0804992648531878,-0.0574409204950346,4,0,21
"C6","ANN_L2","Phenotype_Correlation",25,-0.011895229920022,-0.0105148171817687,6,0,19
"C6","ANN_L2","Phenotype_RMSE",25,-0.0131600805537167,-0.0119268424451059,4,0,21
"C6","ANN_L2","Phenotype_MAE",25,-0.00811427437804013,-0.00798407518327049,6,0,19
"C6","ANN_L2","Phenotype_Bias",25,-0.0230954484189238,-0.0270660337418946,8,0,17
"C6","ANN_L2","Phenotype_Slope",25,-0.0684703288276607,-0.0457180904057821,9,0,16
"C6","ANN_L2","Phenotype_R2",25,-0.033361301981304,-0.0299136143749603,4,0,21
