"Scenario","Repetition","Fold","SplitID","TaskID","Model","Architecture","Learning_rate","L1","L2","Best_epoch","Last_epoch","Stopped_by_patience","Hit_epoch_ceiling","Validation_RMSE","Validation_Correlation","N_epoch_fit","N_epoch_validation","Fit_seconds"
"C1",1,1,"R01_F01","C1_R01_F01","ANN_0","64-32",0.000125,0,0,26,51,TRUE,FALSE,1.74638420878933,0.451200479899744,680,120,0.92
"C1",1,1,"R01_F01","C1_R01_F01","ANN_L1","64-32",0.000125,0.01,0,575,600,TRUE,FALSE,1.68320200747425,0.507140046046981,680,120,7.75
"C1",1,1,"R01_F01","C1_R01_F01","ANN_L2","64-32",0.000125,0,1e-04,26,51,TRUE,FALSE,1.74684898531932,0.450846890106094,680,120,0.740000000000002
"C1",1,1,"R01_F01","C1_R01_F01","ANN_L1_L2","64-32",0.000125,0.01,1e-05,569,594,TRUE,FALSE,1.68288969828134,0.507083012430457,680,120,9.62
"C1",1,2,"R01_F02","C1_R01_F02","ANN_0","32-16",0.000125,0,0,47,72,TRUE,FALSE,1.98668687027268,0.518162037919406,680,120,1.04
"C1",1,2,"R01_F02","C1_R01_F02","ANN_L1","32-16",0.000125,0.01,0,766,791,TRUE,FALSE,1.89254049377832,0.593919853336398,680,120,10.14
"C1",1,2,"R01_F02","C1_R01_F02","ANN_L2","32-16",0.000125,0,0.01,43,68,TRUE,FALSE,1.98431354691765,0.519593990430076,680,120,0.93
"C1",1,2,"R01_F02","C1_R01_F02","ANN_L1_L2","32-16",0.000125,0.01,0.001,825,850,TRUE,FALSE,1.89060056555213,0.593858396193725,680,120,10.36
"C1",1,3,"R01_F03","C1_R01_F03","ANN_0","64-32",0.000125,0,0,43,68,TRUE,FALSE,2.25758046478964,0.449183878027434,680,120,0.920000000000002
"C1",1,3,"R01_F03","C1_R01_F03","ANN_L1","64-32",0.000125,0.01,0,969,994,TRUE,FALSE,2.11436115185708,0.548894335136415,680,120,15.09
"C1",1,3,"R01_F03","C1_R01_F03","ANN_L2","64-32",0.000125,0,0.01,45,70,TRUE,FALSE,2.2507748347708,0.454107038643378,680,120,1.13
"C1",1,3,"R01_F03","C1_R01_F03","ANN_L1_L2","64-32",0.000125,0.01,0.001,878,903,TRUE,FALSE,2.12229188404536,0.545113838050742,680,120,12.86
"C1",1,4,"R01_F04","C1_R01_F04","ANN_0","64-32",0.00025,0,0,18,43,TRUE,FALSE,1.93038671618195,0.590982902209944,680,120,0.560000000000002
"C1",1,4,"R01_F04","C1_R01_F04","ANN_L1","64-32",0.00025,0.01,0,177,202,TRUE,FALSE,1.91289107038742,0.600248386146302,680,120,2.92
"C1",1,4,"R01_F04","C1_R01_F04","ANN_L2","64-32",0.00025,0,0.01,18,43,TRUE,FALSE,1.9297799067565,0.591414866211668,680,120,0.640000000000001
"C1",1,4,"R01_F04","C1_R01_F04","ANN_L1_L2","64-32",0.00025,0.01,0.001,178,203,TRUE,FALSE,1.91327622150257,0.59994812432875,680,120,2.87
"C1",1,5,"R01_F05","C1_R01_F05","ANN_0","16",0.000125,0,0,29,54,TRUE,FALSE,1.93488778780482,0.504097313990328,680,120,0.489999999999995
"C1",1,5,"R01_F05","C1_R01_F05","ANN_L1","16",0.000125,0.01,0,63,88,TRUE,FALSE,1.86297582095565,0.55370804552653,680,120,0.77000000000001
"C1",1,5,"R01_F05","C1_R01_F05","ANN_L2","16",0.000125,0,0.001,30,55,TRUE,FALSE,1.93396923798978,0.505646298090579,680,120,0.489999999999995
"C1",1,5,"R01_F05","C1_R01_F05","ANN_L1_L2","16",0.000125,0.01,1e-05,64,89,TRUE,FALSE,1.86287630926024,0.553721284859261,680,120,0.870000000000005
"C1",2,1,"R02_F01","C1_R02_F01","ANN_0","32",0.000125,0,0,32,57,TRUE,FALSE,2.11171044019861,0.468599210206514,680,120,0.620000000000005
"C1",2,1,"R02_F01","C1_R02_F01","ANN_L1","32",0.000125,0.01,0,592,617,TRUE,FALSE,1.85729540908512,0.628449047204541,680,120,7.21999999999998
"C1",2,1,"R02_F01","C1_R02_F01","ANN_L2","32",0.000125,0,1e-05,32,57,TRUE,FALSE,2.11195141614497,0.46847258116123,680,120,0.659999999999997
"C1",2,1,"R02_F01","C1_R02_F01","ANN_L1_L2","32",0.000125,0.01,0.01,457,482,TRUE,FALSE,1.86436447976746,0.628341287699753,680,120,7.05000000000001
"C1",2,2,"R02_F02","C1_R02_F02","ANN_0","64-32",0.000125,0,0,44,69,TRUE,FALSE,1.86919768873934,0.550278005699072,680,120,1.03
"C1",2,2,"R02_F02","C1_R02_F02","ANN_L1","64-32",0.000125,0.01,0,602,627,TRUE,FALSE,1.78930795326454,0.594559407342612,680,120,9.56
"C1",2,2,"R02_F02","C1_R02_F02","ANN_L2","64-32",0.000125,0,1e-04,52,77,TRUE,FALSE,1.86272314353377,0.558426309282922,680,120,1.14000000000001
"C1",2,2,"R02_F02","C1_R02_F02","ANN_L1_L2","64-32",0.000125,0.01,0.001,683,708,TRUE,FALSE,1.78211353991496,0.600332032025037,680,120,11.38
"C1",2,3,"R02_F03","C1_R02_F03","ANN_0","32-16",0.00025,0,0,10,35,TRUE,FALSE,2.14404067901376,0.3993722464562,680,120,0.610000000000014
"C1",2,3,"R02_F03","C1_R02_F03","ANN_L1","32-16",0.00025,0.01,0,152,177,TRUE,FALSE,1.99473549466429,0.534472019352751,680,120,2.81
"C1",2,3,"R02_F03","C1_R02_F03","ANN_L2","32-16",0.00025,0,0.001,10,35,TRUE,FALSE,2.14446914962798,0.399781436812173,680,120,0.419999999999987
"C1",2,3,"R02_F03","C1_R02_F03","ANN_L1_L2","32-16",0.00025,0.01,1e-05,155,180,TRUE,FALSE,1.99411619192416,0.535450108840894,680,120,2.44
"C1",2,4,"R02_F04","C1_R02_F04","ANN_0","64-32",0.000125,0,0,39,64,TRUE,FALSE,2.03209338233118,0.514783522401724,680,120,0.780000000000001
"C1",2,4,"R02_F04","C1_R02_F04","ANN_L1","64-32",0.000125,0.01,0,805,830,TRUE,FALSE,1.81518668261452,0.638342979009439,680,120,10.98
"C1",2,4,"R02_F04","C1_R02_F04","ANN_L2","64-32",0.000125,0,0.001,38,63,TRUE,FALSE,2.03632311080987,0.51186625563817,680,120,0.810000000000002
"C1",2,4,"R02_F04","C1_R02_F04","ANN_L1_L2","64-32",0.000125,0.01,1e-04,791,816,TRUE,FALSE,1.81472914055922,0.639049572501132,680,120,10.85
"C1",2,5,"R02_F05","C1_R02_F05","ANN_0","64-32",0.000125,0,0,49,74,TRUE,FALSE,1.98329254540033,0.53642446243672,680,120,0.79000000000002
"C1",2,5,"R02_F05","C1_R02_F05","ANN_L1","64-32",0.000125,0.01,0,562,587,TRUE,FALSE,1.90981271685706,0.574730543084023,680,120,7.31999999999999
"C1",2,5,"R02_F05","C1_R02_F05","ANN_L2","64-32",0.000125,0,0.01,51,76,TRUE,FALSE,1.98147602598176,0.538064993368659,680,120,0.829999999999984
"C1",2,5,"R02_F05","C1_R02_F05","ANN_L1_L2","64-32",0.000125,0.01,1e-05,521,546,TRUE,FALSE,1.9105053867369,0.575332678691779,680,120,6.18000000000001
"C1",3,1,"R03_F01","C1_R03_F01","ANN_0","32",0.000125,0,0,22,47,TRUE,FALSE,2.05218849163027,0.522162786167824,680,120,0.71
"C1",3,1,"R03_F01","C1_R03_F01","ANN_L1","32",0.000125,0.01,0,2019,2044,TRUE,FALSE,1.71051778842773,0.711022932434722,680,120,22.67
"C1",3,1,"R03_F01","C1_R03_F01","ANN_L2","32",0.000125,0,0.001,22,47,TRUE,FALSE,2.05447662937361,0.52065078222904,680,120,0.480000000000004
"C1",3,1,"R03_F01","C1_R03_F01","ANN_L1_L2","32",0.000125,0.01,1e-04,1908,1933,TRUE,FALSE,1.7355229822135,0.70037262584036,680,120,22.38
"C1",3,2,"R03_F02","C1_R03_F02","ANN_0","64-32",0.000125,0,0,18,43,TRUE,FALSE,2.0482756672263,0.522607140927554,680,120,0.490000000000009
"C1",3,2,"R03_F02","C1_R03_F02","ANN_L1","64-32",0.000125,0.01,0,412,437,TRUE,FALSE,2.02350578385473,0.554220336484127,680,120,5.16000000000003
"C1",3,2,"R03_F02","C1_R03_F02","ANN_L2","64-32",0.000125,0,0.01,18,43,TRUE,FALSE,2.04934928590405,0.522135374303769,680,120,0.410000000000025
"C1",3,2,"R03_F02","C1_R03_F02","ANN_L1_L2","64-32",0.000125,0.01,1e-04,413,438,TRUE,FALSE,2.02388925435815,0.554048829918354,680,120,4.85000000000002
"C1",3,3,"R03_F03","C1_R03_F03","ANN_0","32",0.000125,0,0,27,52,TRUE,FALSE,2.02083812313972,0.483142482873156,680,120,0.379999999999995
"C1",3,3,"R03_F03","C1_R03_F03","ANN_L1","32",0.000125,0.01,0,816,841,TRUE,FALSE,1.83096773324834,0.604480609543859,680,120,7.65000000000003
"C1",3,3,"R03_F03","C1_R03_F03","ANN_L2","32",0.000125,0,1e-05,27,52,TRUE,FALSE,2.02083875706742,0.483142080188691,680,120,0.399999999999977
"C1",3,3,"R03_F03","C1_R03_F03","ANN_L1_L2","32",0.000125,0.01,0.001,894,919,TRUE,FALSE,1.81670279083723,0.612732668302422,680,120,8.18000000000001
"C1",3,4,"R03_F04","C1_R03_F04","ANN_0","32",0.000125,0,0,20,45,TRUE,FALSE,1.91197935171616,0.504643668213739,680,120,0.420000000000016
"C1",3,4,"R03_F04","C1_R03_F04","ANN_L1","32",0.000125,0.01,0,734,759,TRUE,FALSE,1.74720165234169,0.608667545612195,680,120,9.21999999999997
"C1",3,4,"R03_F04","C1_R03_F04","ANN_L2","32",0.000125,0,1e-04,20,45,TRUE,FALSE,1.91204096715553,0.504612243094143,680,120,0.549999999999955
"C1",3,4,"R03_F04","C1_R03_F04","ANN_L1_L2","32",0.000125,0.01,0.001,591,616,TRUE,FALSE,1.76040086654787,0.600542671553693,680,120,6.18000000000001
"C1",3,5,"R03_F05","C1_R03_F05","ANN_0","32",0.000125,0,0,33,58,TRUE,FALSE,1.96925475033889,0.55970744566255,680,120,0.629999999999995
"C1",3,5,"R03_F05","C1_R03_F05","ANN_L1","32",0.000125,0.01,0,103,128,TRUE,FALSE,1.94084146285791,0.608040765639509,680,120,1.55000000000001
"C1",3,5,"R03_F05","C1_R03_F05","ANN_L2","32",0.000125,0,0.01,33,58,TRUE,FALSE,1.96752730047954,0.56049543020295,680,120,0.980000000000018
"C1",3,5,"R03_F05","C1_R03_F05","ANN_L1_L2","32",0.000125,0.01,0.01,103,128,TRUE,FALSE,1.94016008168053,0.609069532086225,680,120,1.38
"C1",4,1,"R04_F01","C1_R04_F01","ANN_0","32",0.000125,0,0,21,46,TRUE,FALSE,2.29752569325854,0.49858680622039,680,120,0.420000000000016
"C1",4,1,"R04_F01","C1_R04_F01","ANN_L1","32",0.000125,0.01,0,1247,1272,TRUE,FALSE,2.04659795120216,0.626411399892652,680,120,12.22
"C1",4,1,"R04_F01","C1_R04_F01","ANN_L2","32",0.000125,0,0.001,21,46,TRUE,FALSE,2.2973897707197,0.498720475711296,680,120,0.480000000000018
"C1",4,1,"R04_F01","C1_R04_F01","ANN_L1_L2","32",0.000125,0.01,1e-04,1358,1383,TRUE,FALSE,2.04349871547463,0.627929622396755,680,120,13.93
"C1",4,2,"R04_F02","C1_R04_F02","ANN_0","32",0.000125,0,0,32,57,TRUE,FALSE,1.90342742063158,0.566960728927892,680,120,0.479999999999961
"C1",4,2,"R04_F02","C1_R04_F02","ANN_L1","32",0.000125,0.01,0,597,622,TRUE,FALSE,1.75171924066047,0.646027814962244,680,120,6.44999999999999
"C1",4,2,"R04_F02","C1_R04_F02","ANN_L2","32",0.000125,0,0.01,31,56,TRUE,FALSE,1.9048889086498,0.565482555968075,680,120,0.480000000000018
"C1",4,2,"R04_F02","C1_R04_F02","ANN_L1_L2","32",0.000125,0.01,0.01,640,665,TRUE,FALSE,1.75104720005523,0.6472630198076,680,120,5.94
"C1",4,3,"R04_F03","C1_R04_F03","ANN_0","32",0.000125,0,0,13,38,TRUE,FALSE,2.05364588411661,0.499994599629732,680,120,0.379999999999995
"C1",4,3,"R04_F03","C1_R04_F03","ANN_L1","32",0.000125,0.01,0,716,741,TRUE,FALSE,1.90530799671482,0.59998830820857,680,120,6.85999999999996
"C1",4,3,"R04_F03","C1_R04_F03","ANN_L2","32",0.000125,0,0.01,13,38,TRUE,FALSE,2.05341638078726,0.500040488456022,680,120,0.339999999999975
"C1",4,3,"R04_F03","C1_R04_F03","ANN_L1_L2","32",0.000125,0.01,0.01,1106,1131,TRUE,FALSE,1.89279432273239,0.608892885693404,680,120,9.83999999999997
"C1",4,4,"R04_F04","C1_R04_F04","ANN_0","64-32",0.000125,0,0,41,66,TRUE,FALSE,2.08183842620045,0.394271298368787,680,120,0.769999999999982
"C1",4,4,"R04_F04","C1_R04_F04","ANN_L1","64-32",0.000125,0.01,0,457,482,TRUE,FALSE,1.96991892141531,0.485638746756388,680,120,7.38
"C1",4,4,"R04_F04","C1_R04_F04","ANN_L2","64-32",0.000125,0,0.01,42,67,TRUE,FALSE,2.08246448275606,0.394843765345243,680,120,1.02999999999997
"C1",4,4,"R04_F04","C1_R04_F04","ANN_L1_L2","64-32",0.000125,0.01,0.01,483,508,TRUE,FALSE,1.9797740849756,0.47682751674954,680,120,8.28000000000003
"C1",4,5,"R04_F05","C1_R04_F05","ANN_0","32",0.000125,0,0,32,57,TRUE,FALSE,1.95804201064461,0.529721094338511,680,120,0.620000000000005
"C1",4,5,"R04_F05","C1_R04_F05","ANN_L1","32",0.000125,0.01,0,85,110,TRUE,FALSE,1.8744589442675,0.591318356008403,680,120,1.36000000000001
"C1",4,5,"R04_F05","C1_R04_F05","ANN_L2","32",0.000125,0,1e-05,32,57,TRUE,FALSE,1.95788664468311,0.529816473195234,680,120,0.899999999999977
"C1",4,5,"R04_F05","C1_R04_F05","ANN_L1_L2","32",0.000125,0.01,0.001,90,115,TRUE,FALSE,1.87578772253136,0.590124678183939,680,120,1.81
"C1",5,1,"R05_F01","C1_R05_F01","ANN_0","64-32",0.000125,0,0,51,76,TRUE,FALSE,1.9376791953442,0.545891799451931,680,120,1.30000000000001
"C1",5,1,"R05_F01","C1_R05_F01","ANN_L1","64-32",0.000125,0.01,0,400,425,TRUE,FALSE,1.8489628235896,0.625186092477153,680,120,8.42000000000002
"C1",5,1,"R05_F01","C1_R05_F01","ANN_L2","64-32",0.000125,0,0.01,66,91,TRUE,FALSE,1.92122874748736,0.555077762902706,680,120,1.71999999999991
"C1",5,1,"R05_F01","C1_R05_F01","ANN_L1_L2","64-32",0.000125,0.01,0.001,403,428,TRUE,FALSE,1.84941106193827,0.624682789148168,680,120,8.03999999999996
"C1",5,2,"R05_F02","C1_R05_F02","ANN_0","64-32",0.000125,0,0,37,62,TRUE,FALSE,1.9972667631609,0.54026243237124,680,120,0.980000000000018
"C1",5,2,"R05_F02","C1_R05_F02","ANN_L1","64-32",0.000125,0.01,0,918,943,TRUE,FALSE,1.75841263797986,0.672319483590436,680,120,17.08
"C1",5,2,"R05_F02","C1_R05_F02","ANN_L2","64-32",0.000125,0,0.001,38,63,TRUE,FALSE,1.99763787228004,0.540491768408875,680,120,1.28999999999996
"C1",5,2,"R05_F02","C1_R05_F02","ANN_L1_L2","64-32",0.000125,0.01,1e-05,954,979,TRUE,FALSE,1.7573841845846,0.672740335621622,680,120,14.9699999999999
"C1",5,3,"R05_F03","C1_R05_F03","ANN_0","16",0.000125,0,0,34,59,TRUE,FALSE,2.1025596412785,0.497426984179457,680,120,0.5
"C1",5,3,"R05_F03","C1_R05_F03","ANN_L1","16",0.000125,0.01,0,58,83,TRUE,FALSE,2.11019243183172,0.48904741835638,680,120,0.92999999999995
"C1",5,3,"R05_F03","C1_R05_F03","ANN_L2","16",0.000125,0,0.01,41,66,TRUE,FALSE,2.10347386360475,0.502358446848013,680,120,0.780000000000086
"C1",5,3,"R05_F03","C1_R05_F03","ANN_L1_L2","16",0.000125,0.01,1e-04,59,84,TRUE,FALSE,2.11039112970686,0.488853491550161,680,120,0.960000000000036
"C1",5,4,"R05_F04","C1_R05_F04","ANN_0","64-32",0.000125,0,0,30,55,TRUE,FALSE,1.72611784500996,0.53762586117965,680,120,0.669999999999959
"C1",5,4,"R05_F04","C1_R05_F04","ANN_L1","64-32",0.000125,0.01,0,400,425,TRUE,FALSE,1.63623660044747,0.597891248065693,680,120,7.15999999999997
"C1",5,4,"R05_F04","C1_R05_F04","ANN_L2","64-32",0.000125,0,0.001,30,55,TRUE,FALSE,1.72780315973682,0.536333775496922,680,120,0.789999999999964
"C1",5,4,"R05_F04","C1_R05_F04","ANN_L1_L2","64-32",0.000125,0.01,1e-04,457,482,TRUE,FALSE,1.63574915235119,0.596153946584474,680,120,6.07000000000005
"C1",5,5,"R05_F05","C1_R05_F05","ANN_0","64-32",0.001,0,0,6,31,TRUE,FALSE,2.07399097187068,0.426502925147399,680,120,0.379999999999995
"C1",5,5,"R05_F05","C1_R05_F05","ANN_L1","64-32",0.001,0.01,0,129,154,TRUE,FALSE,1.77996189573767,0.615532886789531,680,120,3
"C1",5,5,"R05_F05","C1_R05_F05","ANN_L2","64-32",0.001,0,0.01,6,31,TRUE,FALSE,2.07824616354057,0.421838049121012,680,120,0.600000000000023
"C1",5,5,"R05_F05","C1_R05_F05","ANN_L1_L2","64-32",0.001,0.01,0.001,147,172,TRUE,FALSE,1.80520267333305,0.605670626263767,680,120,2.47000000000003
"C2",1,1,"R01_F01","C2_R01_F01","ANN_0","32",0.00025,0,0,3,28,TRUE,FALSE,0.730709492507604,0.766927530198465,680,120,0.25
"C2",1,1,"R01_F01","C2_R01_F01","ANN_L1","32",0.00025,0.01,0,6,31,TRUE,FALSE,0.725224158441359,0.768079616150579,680,120,0.399999999999977
"C2",1,1,"R01_F01","C2_R01_F01","ANN_L2","32",0.00025,0,0.01,3,28,TRUE,FALSE,0.730783034918116,0.766884705017101,680,120,0.269999999999982
"C2",1,1,"R01_F01","C2_R01_F01","ANN_L1_L2","32",0.00025,0.01,1e-04,6,31,TRUE,FALSE,0.725226496443188,0.768078338120201,680,120,0.219999999999914
"C2",1,2,"R01_F02","C2_R01_F02","ANN_0","64-32",0.000125,0,0,13,38,TRUE,FALSE,0.794009829486056,0.667238741800055,680,120,0.559999999999945
"C2",1,2,"R01_F02","C2_R01_F02","ANN_L1","64-32",0.000125,1e-04,0,13,38,TRUE,FALSE,0.793768597247918,0.667401569582036,680,120,0.509999999999991
"C2",1,2,"R01_F02","C2_R01_F02","ANN_L2","64-32",0.000125,0,1e-04,13,38,TRUE,FALSE,0.794019931800571,0.667227278341551,680,120,0.420000000000073
"C2",1,2,"R01_F02","C2_R01_F02","ANN_L1_L2","64-32",0.000125,1e-04,0.001,13,38,TRUE,FALSE,0.793775182112597,0.667373954801722,680,120,0.449999999999932
"C2",1,3,"R01_F03","C2_R01_F03","ANN_0","64-32",0.000125,0,0,13,38,TRUE,FALSE,0.881103068379243,0.608323247024186,680,120,0.389999999999986
"C2",1,3,"R01_F03","C2_R01_F03","ANN_L1","64-32",0.000125,0.001,0,14,39,TRUE,FALSE,0.883637161058908,0.60614252499245,680,120,0.490000000000009
"C2",1,3,"R01_F03","C2_R01_F03","ANN_L2","64-32",0.000125,0,0.01,13,38,TRUE,FALSE,0.881445564176028,0.607967746935861,680,120,0.399999999999977
"C2",1,3,"R01_F03","C2_R01_F03","ANN_L1_L2","64-32",0.000125,0.001,0.01,14,39,TRUE,FALSE,0.883603492117985,0.606780663999474,680,120,0.710000000000036
"C2",1,4,"R01_F04","C2_R01_F04","ANN_0","64-32",0.000125,0,0,30,55,TRUE,FALSE,0.920356046011306,0.637196104259427,680,120,0.669999999999959
"C2",1,4,"R01_F04","C2_R01_F04","ANN_L1","64-32",0.000125,0.001,0,88,113,TRUE,FALSE,0.903459898492007,0.655120805478929,680,120,2.41999999999996
"C2",1,4,"R01_F04","C2_R01_F04","ANN_L2","64-32",0.000125,0,0.01,31,56,TRUE,FALSE,0.918007916769918,0.639533104037768,680,120,1.04999999999995
"C2",1,4,"R01_F04","C2_R01_F04","ANN_L1_L2","64-32",0.000125,0.001,1e-05,85,110,TRUE,FALSE,0.903819857061194,0.654570970650502,680,120,1.67999999999995
"C2",1,5,"R01_F05","C2_R01_F05","ANN_0","64-32",0.000125,0,0,10,35,TRUE,FALSE,0.785797863317093,0.666401767862187,680,120,0.569999999999936
"C2",1,5,"R01_F05","C2_R01_F05","ANN_L1","64-32",0.000125,0.001,0,11,36,TRUE,FALSE,0.78534645611499,0.666637342285214,680,120,0.559999999999945
"C2",1,5,"R01_F05","C2_R01_F05","ANN_L2","64-32",0.000125,0,1e-04,10,35,TRUE,FALSE,0.785719504077958,0.666495129799973,680,120,0.840000000000032
"C2",1,5,"R01_F05","C2_R01_F05","ANN_L1_L2","64-32",0.000125,0.001,1e-04,11,36,TRUE,FALSE,0.785316231978935,0.666673166755249,680,120,0.659999999999968
"C2",2,1,"R02_F01","C2_R02_F01","ANN_0","64-32",0.000125,0,0,22,47,TRUE,FALSE,0.78937123631006,0.692623751801737,680,120,0.75
"C2",2,1,"R02_F01","C2_R02_F01","ANN_L1","64-32",0.000125,0.001,0,23,48,TRUE,FALSE,0.792929975966106,0.693421112769643,680,120,0.960000000000036
"C2",2,1,"R02_F01","C2_R02_F01","ANN_L2","64-32",0.000125,0,0.01,22,47,TRUE,FALSE,0.789216133097014,0.692986014412922,680,120,0.580000000000041
"C2",2,1,"R02_F01","C2_R02_F01","ANN_L1_L2","64-32",0.000125,0.001,0.01,24,49,TRUE,FALSE,0.794281373873504,0.693057609739693,680,120,0.75
"C2",2,2,"R02_F02","C2_R02_F02","ANN_0","32-16",0.000125,0,0,23,48,TRUE,FALSE,0.826258981402596,0.69364482287168,680,120,0.700000000000045
"C2",2,2,"R02_F02","C2_R02_F02","ANN_L1","32-16",0.000125,1e-05,0,23,48,TRUE,FALSE,0.826080515998785,0.693764748795122,680,120,0.67999999999995
"C2",2,2,"R02_F02","C2_R02_F02","ANN_L2","32-16",0.000125,0,0.01,23,48,TRUE,FALSE,0.826001269310774,0.693911295112363,680,120,0.580000000000041
"C2",2,2,"R02_F02","C2_R02_F02","ANN_L1_L2","32-16",0.000125,1e-04,0.001,23,48,TRUE,FALSE,0.826985470525545,0.692921798477394,680,120,0.580000000000041
"C2",2,3,"R02_F03","C2_R02_F03","ANN_0","4",0.000125,0,0,34,59,TRUE,FALSE,0.933357425657582,0.650532823668442,680,120,0.5
"C2",2,3,"R02_F03","C2_R02_F03","ANN_L1","4",0.000125,0.01,0,37,62,TRUE,FALSE,0.933687720386747,0.651360029256259,680,120,0.689999999999941
"C2",2,3,"R02_F03","C2_R02_F03","ANN_L2","4",0.000125,0,1e-04,34,59,TRUE,FALSE,0.933357808966092,0.650532662228896,680,120,0.509999999999991
"C2",2,3,"R02_F03","C2_R02_F03","ANN_L1_L2","4",0.000125,0.01,0.01,37,62,TRUE,FALSE,0.933736771047884,0.651384016573923,680,120,0.5
"C2",2,4,"R02_F04","C2_R02_F04","ANN_0","16-8",5e-04,0,0,17,42,TRUE,FALSE,0.810272958255601,0.680174101871638,680,120,0.459999999999923
"C2",2,4,"R02_F04","C2_R02_F04","ANN_L1","16-8",5e-04,0.001,0,17,42,TRUE,FALSE,0.822310281971695,0.666736713319748,680,120,0.549999999999955
"C2",2,4,"R02_F04","C2_R02_F04","ANN_L2","16-8",5e-04,0,0.01,17,42,TRUE,FALSE,0.814103504093216,0.676621127343453,680,120,0.440000000000055
"C2",2,4,"R02_F04","C2_R02_F04","ANN_L1_L2","16-8",5e-04,0.001,0.01,17,42,TRUE,FALSE,0.817125748203605,0.671170953169596,680,120,0.549999999999955
"C2",2,5,"R02_F05","C2_R02_F05","ANN_0","32",0.000125,0,0,5,30,TRUE,FALSE,0.841752976337443,0.601341269764112,680,120,0.259999999999991
"C2",2,5,"R02_F05","C2_R02_F05","ANN_L1","32",0.000125,0.01,0,7,32,TRUE,FALSE,0.844676265907821,0.598738683891306,680,120,0.269999999999982
"C2",2,5,"R02_F05","C2_R02_F05","ANN_L2","32",0.000125,0,1e-05,5,30,TRUE,FALSE,0.841752829236836,0.601341446434751,680,120,0.25
"C2",2,5,"R02_F05","C2_R02_F05","ANN_L1_L2","32",0.000125,0.01,0.01,7,32,TRUE,FALSE,0.844864449976831,0.598584423072124,680,120,0.360000000000014
"C2",3,1,"R03_F01","C2_R03_F01","ANN_0","32-16",0.000125,0,0,12,37,TRUE,FALSE,0.870951545459223,0.552508820374672,680,120,0.469999999999914
"C2",3,1,"R03_F01","C2_R03_F01","ANN_L1","32-16",0.000125,0.001,0,12,37,TRUE,FALSE,0.869897535960122,0.553375700658473,680,120,0.439999999999941
"C2",3,1,"R03_F01","C2_R03_F01","ANN_L2","32-16",0.000125,0,1e-04,12,37,TRUE,FALSE,0.870899893023444,0.5526119480543,680,120,0.449999999999932
"C2",3,1,"R03_F01","C2_R03_F01","ANN_L1_L2","32-16",0.000125,0.001,1e-04,12,37,TRUE,FALSE,0.869897497002124,0.553373503063665,680,120,0.480000000000018
"C2",3,2,"R03_F02","C2_R03_F02","ANN_0","64-32",0.00025,0,0,17,42,TRUE,FALSE,0.809430387281988,0.617347899630195,680,120,0.530000000000086
"C2",3,2,"R03_F02","C2_R03_F02","ANN_L1","64-32",0.00025,0.001,0,17,42,TRUE,FALSE,0.803778287793761,0.620388064302622,680,120,0.590000000000032
"C2",3,2,"R03_F02","C2_R03_F02","ANN_L2","64-32",0.00025,0,0.01,13,38,TRUE,FALSE,0.80857417792441,0.624143201482559,680,120,0.639999999999986
"C2",3,2,"R03_F02","C2_R03_F02","ANN_L1_L2","64-32",0.00025,0.001,0.01,17,42,TRUE,FALSE,0.80302119593198,0.621354785138081,680,120,0.629999999999995
"C2",3,3,"R03_F03","C2_R03_F03","ANN_0","32-16",0.000125,0,0,55,80,TRUE,FALSE,0.717523620764693,0.71348420757297,680,120,1.17000000000007
"C2",3,3,"R03_F03","C2_R03_F03","ANN_L1","32-16",0.000125,0.001,0,65,90,TRUE,FALSE,0.722585930135691,0.709239906938644,680,120,1.26999999999998
"C2",3,3,"R03_F03","C2_R03_F03","ANN_L2","32-16",0.000125,0,0.01,55,80,TRUE,FALSE,0.716875909768549,0.714308684516694,680,120,1.15999999999997
"C2",3,3,"R03_F03","C2_R03_F03","ANN_L1_L2","32-16",0.000125,0.001,1e-04,64,89,TRUE,FALSE,0.723042380096026,0.708908786453452,680,120,1.38999999999999
"C2",3,4,"R03_F04","C2_R03_F04","ANN_0","64-32",0.000125,0,0,29,54,TRUE,FALSE,0.734466780858644,0.69510310489152,680,120,0.730000000000018
"C2",3,4,"R03_F04","C2_R03_F04","ANN_L1","64-32",0.000125,0.001,0,30,55,TRUE,FALSE,0.725732608813897,0.699640935610031,680,120,1.05999999999995
"C2",3,4,"R03_F04","C2_R03_F04","ANN_L2","64-32",0.000125,0,1e-05,29,54,TRUE,FALSE,0.734670793332977,0.694835843227391,680,120,0.850000000000023
"C2",3,4,"R03_F04","C2_R03_F04","ANN_L1_L2","64-32",0.000125,0.001,0.01,30,55,TRUE,FALSE,0.726413787349178,0.69835852447596,680,120,0.75
"C2",3,5,"R03_F05","C2_R03_F05","ANN_0","32",0.000125,0,0,7,32,TRUE,FALSE,0.814773719840798,0.71137474304042,680,120,0.330000000000041
"C2",3,5,"R03_F05","C2_R03_F05","ANN_L1","32",0.000125,0.01,0,12,37,TRUE,FALSE,0.855570377879356,0.679975527035631,680,120,0.410000000000082
"C2",3,5,"R03_F05","C2_R03_F05","ANN_L2","32",0.000125,0,0.01,7,32,TRUE,FALSE,0.814797765642153,0.711326008348094,680,120,0.389999999999986
"C2",3,5,"R03_F05","C2_R03_F05","ANN_L1_L2","32",0.000125,0.01,1e-05,12,37,TRUE,FALSE,0.855571108875615,0.679975236973884,680,120,0.449999999999932
"C2",4,1,"R04_F01","C2_R04_F01","ANN_0","64-32",0.000125,0,0,23,48,TRUE,FALSE,0.815614266586208,0.62701592299626,680,120,0.600000000000023
"C2",4,1,"R04_F01","C2_R04_F01","ANN_L1","64-32",0.000125,0.001,0,26,51,TRUE,FALSE,0.806483446044496,0.633270068698091,680,120,0.860000000000014
"C2",4,1,"R04_F01","C2_R04_F01","ANN_L2","64-32",0.000125,0,0.01,23,48,TRUE,FALSE,0.815610657986605,0.626991020874637,680,120,0.990000000000009
"C2",4,1,"R04_F01","C2_R04_F01","ANN_L1_L2","64-32",0.000125,0.001,0.01,26,51,TRUE,FALSE,0.805596202550664,0.634605617919293,680,120,0.939999999999941
"C2",4,2,"R04_F02","C2_R04_F02","ANN_0","64-32",0.000125,0,0,23,48,TRUE,FALSE,0.892717261498008,0.600569021870383,680,120,0.720000000000027
"C2",4,2,"R04_F02","C2_R04_F02","ANN_L1","64-32",0.000125,0.001,0,30,55,TRUE,FALSE,0.890134141305672,0.597408411628938,680,120,0.710000000000036
"C2",4,2,"R04_F02","C2_R04_F02","ANN_L2","64-32",0.000125,0,0.01,23,48,TRUE,FALSE,0.891714148432362,0.600979589562069,680,120,0.689999999999941
"C2",4,2,"R04_F02","C2_R04_F02","ANN_L1_L2","64-32",0.000125,0.001,1e-05,30,55,TRUE,FALSE,0.890059810610812,0.597520802726428,680,120,0.779999999999973
"C2",4,3,"R04_F03","C2_R04_F03","ANN_0","64-32",0.00025,0,0,9,34,TRUE,FALSE,0.850139827427019,0.736272800658995,680,120,0.42999999999995
"C2",4,3,"R04_F03","C2_R04_F03","ANN_L1","64-32",0.00025,1e-04,0,9,34,TRUE,FALSE,0.850723358425024,0.735823315815858,680,120,0.639999999999986
"C2",4,3,"R04_F03","C2_R04_F03","ANN_L2","64-32",0.00025,0,0.01,9,34,TRUE,FALSE,0.85056630882885,0.73588888964364,680,120,0.610000000000014
"C2",4,3,"R04_F03","C2_R04_F03","ANN_L1_L2","64-32",0.00025,1e-04,0.001,9,34,TRUE,FALSE,0.850463368666333,0.736007393276788,680,120,0.699999999999932
"C2",4,4,"R04_F04","C2_R04_F04","ANN_0","64-32",0.000125,0,0,9,34,TRUE,FALSE,0.876093577174561,0.54083250147454,680,120,0.67999999999995
"C2",4,4,"R04_F04","C2_R04_F04","ANN_L1","64-32",0.000125,0.001,0,10,35,TRUE,FALSE,0.873742474330437,0.544479367358301,680,120,0.549999999999955
"C2",4,4,"R04_F04","C2_R04_F04","ANN_L2","64-32",0.000125,0,0.001,9,34,TRUE,FALSE,0.87613132986295,0.540801953996043,680,120,0.629999999999995
"C2",4,4,"R04_F04","C2_R04_F04","ANN_L1_L2","64-32",0.000125,0.001,1e-04,10,35,TRUE,FALSE,0.873723008237372,0.544515102730356,680,120,0.57000000000005
"C2",4,5,"R04_F05","C2_R04_F05","ANN_0","32-16",0.000125,0,0,18,43,TRUE,FALSE,0.778247519969949,0.611775461240015,680,120,0.669999999999959
"C2",4,5,"R04_F05","C2_R04_F05","ANN_L1","32-16",0.000125,0.001,0,19,44,TRUE,FALSE,0.778620226514589,0.612887502689832,680,120,0.710000000000036
"C2",4,5,"R04_F05","C2_R04_F05","ANN_L2","32-16",0.000125,0,0.001,18,43,TRUE,FALSE,0.778059948009883,0.612136504074002,680,120,0.829999999999927
"C2",4,5,"R04_F05","C2_R04_F05","ANN_L1_L2","32-16",0.000125,0.001,1e-05,19,44,TRUE,FALSE,0.77865303175445,0.612847281277429,680,120,0.75
"C2",5,1,"R05_F01","C2_R05_F01","ANN_0","32-16",0.000125,0,0,42,67,TRUE,FALSE,0.836823534634797,0.606043696163749,680,120,1.37
"C2",5,1,"R05_F01","C2_R05_F01","ANN_L1","32-16",0.000125,0.001,0,75,100,TRUE,FALSE,0.834450110978759,0.606705501434241,680,120,1.4899999999999
"C2",5,1,"R05_F01","C2_R05_F01","ANN_L2","32-16",0.000125,0,0.01,42,67,TRUE,FALSE,0.835946565258954,0.607266060503916,680,120,0.889999999999986
"C2",5,1,"R05_F01","C2_R05_F01","ANN_L1_L2","32-16",0.000125,0.001,0.001,76,101,TRUE,FALSE,0.833628024532852,0.607618042787772,680,120,1.34999999999991
"C2",5,2,"R05_F02","C2_R05_F02","ANN_0","64-32",5e-04,0,0,2,27,TRUE,FALSE,0.83303147625424,0.572495385862529,680,120,0.32000000000005
"C2",5,2,"R05_F02","C2_R05_F02","ANN_L1","64-32",5e-04,1e-05,0,2,27,TRUE,FALSE,0.833054498776496,0.572459948393899,680,120,0.309999999999945
"C2",5,2,"R05_F02","C2_R05_F02","ANN_L2","64-32",5e-04,0,0.001,2,27,TRUE,FALSE,0.833027404627895,0.572506506582079,680,120,0.299999999999955
"C2",5,2,"R05_F02","C2_R05_F02","ANN_L1_L2","64-32",5e-04,1e-05,0.001,2,27,TRUE,FALSE,0.833112032232805,0.57241176419346,680,120,0.399999999999977
"C2",5,3,"R05_F03","C2_R05_F03","ANN_0","64-32",0.000125,0,0,14,39,TRUE,FALSE,0.90539586627499,0.633276388738494,680,120,0.620000000000005
"C2",5,3,"R05_F03","C2_R05_F03","ANN_L1","64-32",0.000125,0.001,0,17,42,TRUE,FALSE,0.904705147304426,0.634408803276437,680,120,0.590000000000032
"C2",5,3,"R05_F03","C2_R05_F03","ANN_L2","64-32",0.000125,0,0.001,14,39,TRUE,FALSE,0.905312585022805,0.633360287641343,680,120,0.469999999999914
"C2",5,3,"R05_F03","C2_R05_F03","ANN_L1_L2","64-32",0.000125,0.001,1e-04,17,42,TRUE,FALSE,0.904722572853536,0.634384324528405,680,120,0.720000000000027
"C2",5,4,"R05_F04","C2_R05_F04","ANN_0","64-32",0.000125,0,0,12,37,TRUE,FALSE,0.794180759386548,0.621103060903398,680,120,0.439999999999941
"C2",5,4,"R05_F04","C2_R05_F04","ANN_L1","64-32",0.000125,0.001,0,13,38,TRUE,FALSE,0.79393673679732,0.62121036537614,680,120,0.569999999999936
"C2",5,4,"R05_F04","C2_R05_F04","ANN_L2","64-32",0.000125,0,1e-04,12,37,TRUE,FALSE,0.794223980009659,0.621055952334852,680,120,0.470000000000027
"C2",5,4,"R05_F04","C2_R05_F04","ANN_L1_L2","64-32",0.000125,0.001,0.001,13,38,TRUE,FALSE,0.793884698618322,0.621249141042095,680,120,0.439999999999941
"C2",5,5,"R05_F05","C2_R05_F05","ANN_0","64-32",0.000125,0,0,20,45,TRUE,FALSE,0.885375886590086,0.686657694253149,680,120,0.629999999999995
"C2",5,5,"R05_F05","C2_R05_F05","ANN_L1","64-32",0.000125,0.001,0,21,46,TRUE,FALSE,0.890886769357274,0.683863194102861,680,120,0.629999999999995
"C2",5,5,"R05_F05","C2_R05_F05","ANN_L2","64-32",0.000125,0,1e-04,19,44,TRUE,FALSE,0.885469546264283,0.686453765035849,680,120,0.779999999999973
"C2",5,5,"R05_F05","C2_R05_F05","ANN_L1_L2","64-32",0.000125,0.001,0.01,21,46,TRUE,FALSE,0.891922342697367,0.683379646163876,680,120,0.680000000000064
"C3",1,1,"R01_F01","C3_R01_F01","ANN_0","64-32",0.000125,0,0,13,38,TRUE,FALSE,0.757332060166129,0.622570835849523,680,120,0.730000000000018
"C3",1,1,"R01_F01","C3_R01_F01","ANN_L1","64-32",0.000125,0.001,0,14,39,TRUE,FALSE,0.754231994010952,0.626435966670743,680,120,0.669999999999959
"C3",1,1,"R01_F01","C3_R01_F01","ANN_L2","64-32",0.000125,0,0.01,13,38,TRUE,FALSE,0.757434198886522,0.622423678773929,680,120,0.600000000000023
"C3",1,1,"R01_F01","C3_R01_F01","ANN_L1_L2","64-32",0.000125,1e-04,0.01,13,38,TRUE,FALSE,0.757106338390016,0.622765375589116,680,120,0.5
"C3",1,2,"R01_F02","C3_R01_F02","ANN_0","64-32",0.000125,0,0,12,37,TRUE,FALSE,0.692866400619256,0.627924060163271,680,120,0.550000000000068
"C3",1,2,"R01_F02","C3_R01_F02","ANN_L1","64-32",0.000125,0.001,0,13,38,TRUE,FALSE,0.69588416338434,0.624942521435307,680,120,0.529999999999973
"C3",1,2,"R01_F02","C3_R01_F02","ANN_L2","64-32",0.000125,0,1e-05,12,37,TRUE,FALSE,0.692852565558597,0.627937960420168,680,120,0.549999999999955
"C3",1,2,"R01_F02","C3_R01_F02","ANN_L1_L2","64-32",0.000125,0.001,0.01,14,39,TRUE,FALSE,0.696542729987037,0.623183922493645,680,120,0.539999999999964
"C3",1,3,"R01_F03","C3_R01_F03","ANN_0","64-32",0.000125,0,0,11,36,TRUE,FALSE,0.674998337212685,0.617355020756625,680,120,0.519999999999982
"C3",1,3,"R01_F03","C3_R01_F03","ANN_L1","64-32",0.000125,0.001,0,12,37,TRUE,FALSE,0.671555186887233,0.620829215344617,680,120,0.509999999999991
"C3",1,3,"R01_F03","C3_R01_F03","ANN_L2","64-32",0.000125,0,1e-04,11,36,TRUE,FALSE,0.675041315177699,0.617351513159973,680,120,0.470000000000027
"C3",1,3,"R01_F03","C3_R01_F03","ANN_L1_L2","64-32",0.000125,0.001,0.001,12,37,TRUE,FALSE,0.671611731854313,0.620739413623144,680,120,0.659999999999968
"C3",1,4,"R01_F04","C3_R01_F04","ANN_0","64-32",0.00025,0,0,4,29,TRUE,FALSE,0.764717608037154,0.46213560399757,680,120,0.370000000000005
"C3",1,4,"R01_F04","C3_R01_F04","ANN_L1","64-32",0.00025,1e-04,0,4,29,TRUE,FALSE,0.764584565955087,0.462662538400808,680,120,0.379999999999995
"C3",1,4,"R01_F04","C3_R01_F04","ANN_L2","64-32",0.00025,0,0.01,4,29,TRUE,FALSE,0.764604905068542,0.462513675637554,680,120,0.370000000000005
"C3",1,4,"R01_F04","C3_R01_F04","ANN_L1_L2","64-32",0.00025,1e-04,1e-04,4,29,TRUE,FALSE,0.764702776570349,0.462331294133817,680,120,0.32000000000005
"C3",1,5,"R01_F05","C3_R01_F05","ANN_0","32-16",5e-04,0,0,11,36,TRUE,FALSE,0.793673597236021,0.588696807734476,680,120,0.469999999999914
"C3",1,5,"R01_F05","C3_R01_F05","ANN_L1","32-16",5e-04,0.001,0,26,51,TRUE,FALSE,0.782474569165549,0.601575004715187,680,120,0.639999999999986
"C3",1,5,"R01_F05","C3_R01_F05","ANN_L2","32-16",5e-04,0,1e-05,11,36,TRUE,FALSE,0.793411066889651,0.589060570986449,680,120,0.590000000000032
"C3",1,5,"R01_F05","C3_R01_F05","ANN_L1_L2","32-16",5e-04,0.001,0.001,26,51,TRUE,FALSE,0.785055100227757,0.597975581722136,680,120,0.67999999999995
"C3",2,1,"R02_F01","C3_R02_F01","ANN_0","32",0.000125,0,0,23,48,TRUE,FALSE,0.747621285039389,0.525260597424329,680,120,0.480000000000018
"C3",2,1,"R02_F01","C3_R02_F01","ANN_L1","32",0.000125,0.01,0,31,56,TRUE,FALSE,0.728531174077554,0.554493938717676,680,120,0.579999999999927
"C3",2,1,"R02_F01","C3_R02_F01","ANN_L2","32",0.000125,0,0.01,23,48,TRUE,FALSE,0.748443268544821,0.524026433717821,680,120,0.470000000000027
"C3",2,1,"R02_F01","C3_R02_F01","ANN_L1_L2","32",0.000125,0.01,1e-05,31,56,TRUE,FALSE,0.728531157408033,0.554493855118291,680,120,0.480000000000018
"C3",2,2,"R02_F02","C3_R02_F02","ANN_0","32-16",0.000125,0,0,68,93,TRUE,FALSE,0.785310749522488,0.622817386170185,680,120,1.12
"C3",2,2,"R02_F02","C3_R02_F02","ANN_L1","32-16",0.000125,0.001,0,95,120,TRUE,FALSE,0.768083592667535,0.641772783686008,680,120,1.54999999999995
"C3",2,2,"R02_F02","C3_R02_F02","ANN_L2","32-16",0.000125,0,1e-05,67,92,TRUE,FALSE,0.784927941965453,0.623296896612047,680,120,1.27999999999997
"C3",2,2,"R02_F02","C3_R02_F02","ANN_L1_L2","32-16",0.000125,0.001,0.01,87,112,TRUE,FALSE,0.770462921869309,0.6390067984369,680,120,1.42000000000007
"C3",2,3,"R02_F03","C3_R02_F03","ANN_0","16",0.000125,0,0,15,40,TRUE,FALSE,0.797928365739339,0.546437000626773,680,120,0.329999999999927
"C3",2,3,"R02_F03","C3_R02_F03","ANN_L1","16",0.000125,0.01,0,37,62,TRUE,FALSE,0.787398319439573,0.560815468061258,680,120,0.549999999999955
"C3",2,3,"R02_F03","C3_R02_F03","ANN_L2","16",0.000125,0,0.01,15,40,TRUE,FALSE,0.797694776233063,0.546786613991727,680,120,0.379999999999995
"C3",2,3,"R02_F03","C3_R02_F03","ANN_L1_L2","16",0.000125,0.01,0.01,36,61,TRUE,FALSE,0.787549247748565,0.560800743131488,680,120,0.57000000000005
"C3",2,4,"R02_F04","C3_R02_F04","ANN_0","8",0.000125,0,0,46,71,TRUE,FALSE,0.788716319149207,0.592999393985739,680,120,0.680000000000064
"C3",2,4,"R02_F04","C3_R02_F04","ANN_L1","8",0.000125,0.001,0,46,71,TRUE,FALSE,0.794867629358127,0.585429303706291,680,120,0.659999999999968
"C3",2,4,"R02_F04","C3_R02_F04","ANN_L2","8",0.000125,0,1e-05,46,71,TRUE,FALSE,0.788716316908521,0.592999426369085,680,120,0.610000000000014
"C3",2,4,"R02_F04","C3_R02_F04","ANN_L1_L2","8",0.000125,1e-05,0.001,46,71,TRUE,FALSE,0.788761099560599,0.592946715146272,680,120,0.639999999999986
"C3",2,5,"R02_F05","C3_R02_F05","ANN_0","64-32",0.00025,0,0,6,31,TRUE,FALSE,0.79631669139918,0.563232918210911,680,120,0.360000000000014
"C3",2,5,"R02_F05","C3_R02_F05","ANN_L1","64-32",0.00025,1e-04,0,6,31,TRUE,FALSE,0.795573168992707,0.56406933812358,680,120,0.389999999999986
"C3",2,5,"R02_F05","C3_R02_F05","ANN_L2","64-32",0.00025,0,0.01,6,31,TRUE,FALSE,0.796254962813168,0.563085674410904,680,120,0.410000000000082
"C3",2,5,"R02_F05","C3_R02_F05","ANN_L1_L2","64-32",0.00025,0.001,0.001,6,31,TRUE,FALSE,0.794810202732798,0.563157585284965,680,120,0.370000000000005
"C3",3,1,"R03_F01","C3_R03_F01","ANN_0","64-32",5e-04,0,0,3,28,TRUE,FALSE,0.749926668455995,0.55744119735973,680,120,0.440000000000055
"C3",3,1,"R03_F01","C3_R03_F01","ANN_L1","64-32",5e-04,1e-04,0,3,28,TRUE,FALSE,0.749466387597819,0.558118871390478,680,120,0.350000000000023
"C3",3,1,"R03_F01","C3_R03_F01","ANN_L2","64-32",5e-04,0,0.001,3,28,TRUE,FALSE,0.749885965835341,0.557524718531991,680,120,0.409999999999968
"C3",3,1,"R03_F01","C3_R03_F01","ANN_L1_L2","64-32",5e-04,1e-04,1e-05,3,28,TRUE,FALSE,0.749489955695916,0.558075138418793,680,120,0.350000000000023
"C3",3,2,"R03_F02","C3_R03_F02","ANN_0","32",0.000125,0,0,8,33,TRUE,FALSE,0.758549519248925,0.664805271872958,680,120,0.299999999999955
"C3",3,2,"R03_F02","C3_R03_F02","ANN_L1","32",0.000125,0.01,0,13,38,TRUE,FALSE,0.773946049075156,0.655682924808948,680,120,0.339999999999918
"C3",3,2,"R03_F02","C3_R03_F02","ANN_L2","32",0.000125,0,0.01,8,33,TRUE,FALSE,0.758483732375939,0.664856505362732,680,120,0.280000000000086
"C3",3,2,"R03_F02","C3_R03_F02","ANN_L1_L2","32",0.000125,0.01,1e-05,13,38,TRUE,FALSE,0.77394622541161,0.655682687124228,680,120,0.439999999999941
"C3",3,3,"R03_F03","C3_R03_F03","ANN_0","64-32",0.000125,0,0,29,54,TRUE,FALSE,0.7634681504474,0.581558409858084,680,120,0.889999999999986
"C3",3,3,"R03_F03","C3_R03_F03","ANN_L1","64-32",0.000125,1e-05,0,29,54,TRUE,FALSE,0.763216144074968,0.582130792147086,680,120,0.870000000000005
"C3",3,3,"R03_F03","C3_R03_F03","ANN_L2","64-32",0.000125,0,0.001,28,53,TRUE,FALSE,0.763297907794599,0.582434651908678,680,120,0.680000000000064
"C3",3,3,"R03_F03","C3_R03_F03","ANN_L1_L2","64-32",0.000125,1e-05,0.01,29,54,TRUE,FALSE,0.762687361499063,0.582623177902641,680,120,0.629999999999995
"C3",3,4,"R03_F04","C3_R03_F04","ANN_0","64-32",0.000125,0,0,17,42,TRUE,FALSE,0.754250095643781,0.656111339046343,680,120,0.5
"C3",3,4,"R03_F04","C3_R03_F04","ANN_L1","64-32",0.000125,0.001,0,18,43,TRUE,FALSE,0.75755984394147,0.653558103889964,680,120,0.810000000000059
"C3",3,4,"R03_F04","C3_R03_F04","ANN_L2","64-32",0.000125,0,1e-05,17,42,TRUE,FALSE,0.754255016788377,0.65610562491595,680,120,0.669999999999959
"C3",3,4,"R03_F04","C3_R03_F04","ANN_L1_L2","64-32",0.000125,0.001,0.001,18,43,TRUE,FALSE,0.757669451923382,0.653517428503122,680,120,0.660000000000082
"C3",3,5,"R03_F05","C3_R03_F05","ANN_0","64-32",0.00025,0,0,6,31,TRUE,FALSE,0.740990977450872,0.565619579882782,680,120,0.459999999999923
"C3",3,5,"R03_F05","C3_R03_F05","ANN_L1","64-32",0.00025,0.001,0,6,31,TRUE,FALSE,0.738116214322532,0.566683235032825,680,120,0.439999999999941
"C3",3,5,"R03_F05","C3_R03_F05","ANN_L2","64-32",0.00025,0,0.001,6,31,TRUE,FALSE,0.740948213313369,0.565774035385133,680,120,0.450000000000045
"C3",3,5,"R03_F05","C3_R03_F05","ANN_L1_L2","64-32",0.00025,1e-05,1e-04,6,31,TRUE,FALSE,0.741144417833905,0.565462238943055,680,120,0.539999999999964
"C3",4,1,"R04_F01","C3_R04_F01","ANN_0","64-32",0.000125,0,0,13,38,TRUE,FALSE,0.638219367256463,0.730222021437971,680,120,0.730000000000018
"C3",4,1,"R04_F01","C3_R04_F01","ANN_L1","64-32",0.000125,0.001,0,13,38,TRUE,FALSE,0.647539297050489,0.723652476989064,680,120,0.719999999999914
"C3",4,1,"R04_F01","C3_R04_F01","ANN_L2","64-32",0.000125,0,0.01,13,38,TRUE,FALSE,0.638735568121773,0.729871496681885,680,120,0.720000000000027
"C3",4,1,"R04_F01","C3_R04_F01","ANN_L1_L2","64-32",0.000125,0.001,0.001,13,38,TRUE,FALSE,0.64783778808379,0.723468635675591,680,120,0.580000000000041
"C3",4,2,"R04_F02","C3_R04_F02","ANN_0","64-32",0.000125,0,0,12,37,TRUE,FALSE,0.737223796881981,0.606972072124963,680,120,0.560000000000059
"C3",4,2,"R04_F02","C3_R04_F02","ANN_L1","64-32",0.000125,1e-05,0,12,37,TRUE,FALSE,0.737042007112744,0.60721077462162,680,120,0.5
"C3",4,2,"R04_F02","C3_R04_F02","ANN_L2","64-32",0.000125,0,0.001,12,37,TRUE,FALSE,0.737200588168066,0.607000296825269,680,120,0.519999999999982
"C3",4,2,"R04_F02","C3_R04_F02","ANN_L1_L2","64-32",0.000125,0.001,0.01,14,39,TRUE,FALSE,0.738442871068025,0.605074481408774,680,120,0.5
"C3",4,3,"R04_F03","C3_R04_F03","ANN_0","64-32",0.000125,0,0,11,36,TRUE,FALSE,0.740379632450087,0.547138488311084,680,120,0.489999999999895
"C3",4,3,"R04_F03","C3_R04_F03","ANN_L1","64-32",0.000125,0.001,0,34,59,TRUE,FALSE,0.74031190463369,0.557892595959629,680,120,0.709999999999923
"C3",4,3,"R04_F03","C3_R04_F03","ANN_L2","64-32",0.000125,0,1e-04,11,36,TRUE,FALSE,0.740309833363428,0.547253919976856,680,120,0.470000000000027
"C3",4,3,"R04_F03","C3_R04_F03","ANN_L1_L2","64-32",0.000125,0.001,1e-04,34,59,TRUE,FALSE,0.740719969678701,0.557410627444211,680,120,0.769999999999982
"C3",4,4,"R04_F04","C3_R04_F04","ANN_0","32-16",0.001,0,0,5,30,TRUE,FALSE,0.781990612291379,0.487191972668076,680,120,0.350000000000023
"C3",4,4,"R04_F04","C3_R04_F04","ANN_L1","32-16",0.001,0.01,0,23,48,TRUE,FALSE,0.784845571505608,0.479619500055397,680,120,0.620000000000005
"C3",4,4,"R04_F04","C3_R04_F04","ANN_L2","32-16",0.001,0,0.001,5,30,TRUE,FALSE,0.782225682126913,0.486752949344979,680,120,0.290000000000077
"C3",4,4,"R04_F04","C3_R04_F04","ANN_L1_L2","32-16",0.001,0.01,1e-04,23,48,TRUE,FALSE,0.785115298699535,0.478924226132007,680,120,0.57000000000005
"C3",4,5,"R04_F05","C3_R04_F05","ANN_0","64-32",0.000125,0,0,21,46,TRUE,FALSE,0.768060989476901,0.684707753053804,680,120,0.569999999999936
"C3",4,5,"R04_F05","C3_R04_F05","ANN_L1","64-32",0.000125,1e-04,0,20,45,TRUE,FALSE,0.768321509110932,0.684328264142058,680,120,0.539999999999964
"C3",4,5,"R04_F05","C3_R04_F05","ANN_L2","64-32",0.000125,0,0.01,20,45,TRUE,FALSE,0.768434783929571,0.68428551548656,680,120,0.579999999999927
"C3",4,5,"R04_F05","C3_R04_F05","ANN_L1_L2","64-32",0.000125,1e-04,0.01,20,45,TRUE,FALSE,0.768528690952813,0.684425849645656,680,120,0.559999999999945
"C3",5,1,"R05_F01","C3_R05_F01","ANN_0","64-32",0.000125,0,0,23,48,TRUE,FALSE,0.750770854899852,0.571159766161708,680,120,0.639999999999986
"C3",5,1,"R05_F01","C3_R05_F01","ANN_L1","64-32",0.000125,0.001,0,26,51,TRUE,FALSE,0.751193698637462,0.568672661093607,680,120,0.620000000000005
"C3",5,1,"R05_F01","C3_R05_F01","ANN_L2","64-32",0.000125,0,1e-04,23,48,TRUE,FALSE,0.750537794260444,0.571490573520743,680,120,0.57000000000005
"C3",5,1,"R05_F01","C3_R05_F01","ANN_L1_L2","64-32",0.000125,0.001,1e-04,26,51,TRUE,FALSE,0.751115668377346,0.568829658603982,680,120,0.639999999999986
"C3",5,2,"R05_F02","C3_R05_F02","ANN_0","64-32",0.000125,0,0,7,32,TRUE,FALSE,0.744201115790573,0.497633251410651,680,120,0.3900000000001
"C3",5,2,"R05_F02","C3_R05_F02","ANN_L1","64-32",0.000125,0.001,0,8,33,TRUE,FALSE,0.74846566953753,0.488785642051953,680,120,0.370000000000005
"C3",5,2,"R05_F02","C3_R05_F02","ANN_L2","64-32",0.000125,0,0.01,7,32,TRUE,FALSE,0.744407681575856,0.497106808182366,680,120,0.5
"C3",5,2,"R05_F02","C3_R05_F02","ANN_L1_L2","64-32",0.000125,0.001,0.01,8,33,TRUE,FALSE,0.749133856154427,0.487374669026119,680,120,0.399999999999977
"C3",5,3,"R05_F03","C3_R05_F03","ANN_0","64-32",0.000125,0,0,9,34,TRUE,FALSE,0.747368167366649,0.562176159119254,680,120,0.439999999999941
"C3",5,3,"R05_F03","C3_R05_F03","ANN_L1","64-32",0.000125,0.001,0,25,50,TRUE,FALSE,0.743926895616288,0.555534337215951,680,120,0.720000000000027
"C3",5,3,"R05_F03","C3_R05_F03","ANN_L2","64-32",0.000125,0,1e-05,9,34,TRUE,FALSE,0.747372652233664,0.562162782304724,680,120,0.519999999999982
"C3",5,3,"R05_F03","C3_R05_F03","ANN_L1_L2","64-32",0.000125,0.001,1e-05,25,50,TRUE,FALSE,0.743907422812091,0.555547259353283,680,120,0.620000000000005
"C3",5,4,"R05_F04","C3_R05_F04","ANN_0","64-32",0.00025,0,0,13,38,TRUE,FALSE,0.745025178273337,0.590027131270465,680,120,0.480000000000018
"C3",5,4,"R05_F04","C3_R05_F04","ANN_L1","64-32",0.00025,0.001,0,34,59,TRUE,FALSE,0.72591770290104,0.623609666665917,680,120,0.840000000000032
"C3",5,4,"R05_F04","C3_R05_F04","ANN_L2","64-32",0.00025,0,0.001,13,38,TRUE,FALSE,0.744319345011661,0.590893510009084,680,120,0.480000000000018
"C3",5,4,"R05_F04","C3_R05_F04","ANN_L1_L2","64-32",0.00025,0.001,0.01,34,59,TRUE,FALSE,0.725559857648627,0.622827503982918,680,120,0.830000000000041
"C3",5,5,"R05_F05","C3_R05_F05","ANN_0","32-16",5e-04,0,0,5,30,TRUE,FALSE,0.721620417081025,0.652781985659295,680,120,0.480000000000018
"C3",5,5,"R05_F05","C3_R05_F05","ANN_L1","32-16",5e-04,1e-04,0,5,30,TRUE,FALSE,0.721069355556161,0.653661216413549,680,120,0.430000000000064
"C3",5,5,"R05_F05","C3_R05_F05","ANN_L2","32-16",5e-04,0,0.001,5,30,TRUE,FALSE,0.721718488030303,0.652583743009141,680,120,0.409999999999968
"C3",5,5,"R05_F05","C3_R05_F05","ANN_L1_L2","32-16",5e-04,1e-04,0.01,5,30,TRUE,FALSE,0.721728649308459,0.652388368754571,680,120,0.330000000000041
"C4",1,1,"R01_F01","C4_R01_F01","ANN_0","16-8",0.001,0,0,10,35,TRUE,FALSE,0.707192887524546,0.622445758618887,680,120,0.580000000000041
"C4",1,1,"R01_F01","C4_R01_F01","ANN_L1","16-8",0.001,0.001,0,22,47,TRUE,FALSE,0.690363917409267,0.637949403950571,680,120,0.590000000000032
"C4",1,1,"R01_F01","C4_R01_F01","ANN_L2","16-8",0.001,0,0.01,11,36,TRUE,FALSE,0.702818208503846,0.623444294854302,680,120,0.440000000000055
"C4",1,1,"R01_F01","C4_R01_F01","ANN_L1_L2","16-8",0.001,0.001,0.001,21,46,TRUE,FALSE,0.684659404258913,0.64826237172597,680,120,0.779999999999973
"C4",1,2,"R01_F02","C4_R01_F02","ANN_0","64-32",0.000125,0,0,27,52,TRUE,FALSE,0.750912780601539,0.48996586036556,680,120,0.789999999999964
"C4",1,2,"R01_F02","C4_R01_F02","ANN_L1","64-32",0.000125,1e-05,0,26,51,TRUE,FALSE,0.750651654787761,0.489970004832026,680,120,0.620000000000005
"C4",1,2,"R01_F02","C4_R01_F02","ANN_L2","64-32",0.000125,0,0.001,27,52,TRUE,FALSE,0.750667407582357,0.49028949383213,680,120,0.720000000000027
"C4",1,2,"R01_F02","C4_R01_F02","ANN_L1_L2","64-32",0.000125,1e-04,1e-04,27,52,TRUE,FALSE,0.750313126302815,0.49077299194526,680,120,0.769999999999982
"C4",1,3,"R01_F03","C4_R01_F03","ANN_0","32-16",0.000125,0,0,31,56,TRUE,FALSE,0.634030243027194,0.598753292411108,680,120,0.840000000000032
"C4",1,3,"R01_F03","C4_R01_F03","ANN_L1","32-16",0.000125,1e-04,0,31,56,TRUE,FALSE,0.633613314201075,0.598712646564073,680,120,0.839999999999918
"C4",1,3,"R01_F03","C4_R01_F03","ANN_L2","32-16",0.000125,0,1e-05,31,56,TRUE,FALSE,0.634055313244727,0.598700873019895,680,120,0.659999999999968
"C4",1,3,"R01_F03","C4_R01_F03","ANN_L1_L2","32-16",0.000125,0.001,0.01,36,61,TRUE,FALSE,0.627693844534256,0.604893736503318,680,120,0.960000000000036
"C4",1,4,"R01_F04","C4_R01_F04","ANN_0","32-16",0.000125,0,0,20,45,TRUE,FALSE,0.670133311683348,0.60904351776669,680,120,0.670000000000073
"C4",1,4,"R01_F04","C4_R01_F04","ANN_L1","32-16",0.000125,0.001,0,22,47,TRUE,FALSE,0.672657644611528,0.602488454223507,680,120,0.6400000000001
"C4",1,4,"R01_F04","C4_R01_F04","ANN_L2","32-16",0.000125,0,0.01,20,45,TRUE,FALSE,0.670038518454264,0.609196618371697,680,120,0.75
"C4",1,4,"R01_F04","C4_R01_F04","ANN_L1_L2","32-16",0.000125,0.001,1e-04,22,47,TRUE,FALSE,0.672712310096055,0.602433456010637,680,120,1.05000000000007
"C4",1,5,"R01_F05","C4_R01_F05","ANN_0","64-32",0.000125,0,0,23,48,TRUE,FALSE,0.63318800135148,0.644604084145159,680,120,0.909999999999968
"C4",1,5,"R01_F05","C4_R01_F05","ANN_L1","64-32",0.000125,1e-04,0,23,48,TRUE,FALSE,0.633192840201879,0.644667307588034,680,120,0.779999999999973
"C4",1,5,"R01_F05","C4_R01_F05","ANN_L2","64-32",0.000125,0,1e-05,23,48,TRUE,FALSE,0.633164834654724,0.644611316893954,680,120,0.700000000000045
"C4",1,5,"R01_F05","C4_R01_F05","ANN_L1_L2","64-32",0.000125,1e-04,1e-05,23,48,TRUE,FALSE,0.633213876380637,0.644617970100153,680,120,0.860000000000014
"C4",2,1,"R02_F01","C4_R02_F01","ANN_0","64-32",0.000125,0,0,9,34,TRUE,FALSE,0.636241288424192,0.573978978040946,680,120,0.490000000000009
"C4",2,1,"R02_F01","C4_R02_F01","ANN_L1","64-32",0.000125,0.001,0,29,54,TRUE,FALSE,0.633745471539229,0.571381945096505,680,120,0.759999999999991
"C4",2,1,"R02_F01","C4_R02_F01","ANN_L2","64-32",0.000125,0,1e-04,9,34,TRUE,FALSE,0.636192744801032,0.574097736610883,680,120,0.490000000000009
"C4",2,1,"R02_F01","C4_R02_F01","ANN_L1_L2","64-32",0.000125,1e-05,0.01,9,34,TRUE,FALSE,0.635960212060483,0.574734980354184,680,120,0.649999999999977
"C4",2,2,"R02_F02","C4_R02_F02","ANN_0","32-16",0.000125,0,0,23,48,TRUE,FALSE,0.642310808111633,0.665379577589832,680,120,0.850000000000023
"C4",2,2,"R02_F02","C4_R02_F02","ANN_L1","32-16",0.000125,1e-05,0,23,48,TRUE,FALSE,0.642548483202259,0.665049008344273,680,120,0.669999999999959
"C4",2,2,"R02_F02","C4_R02_F02","ANN_L2","32-16",0.000125,0,1e-04,22,47,TRUE,FALSE,0.642485976179164,0.665154333650119,680,120,0.769999999999982
"C4",2,2,"R02_F02","C4_R02_F02","ANN_L1_L2","32-16",0.000125,1e-04,1e-04,23,48,TRUE,FALSE,0.642874392993492,0.664667641931226,680,120,0.740000000000009
"C4",2,3,"R02_F03","C4_R02_F03","ANN_0","64-32",0.00025,0,0,17,42,TRUE,FALSE,0.705930726176378,0.583588488239356,680,120,0.690000000000055
"C4",2,3,"R02_F03","C4_R02_F03","ANN_L1","64-32",0.00025,0.001,0,18,43,TRUE,FALSE,0.700871878620046,0.589229764731718,680,120,0.810000000000059
"C4",2,3,"R02_F03","C4_R02_F03","ANN_L2","64-32",0.00025,0,1e-04,17,42,TRUE,FALSE,0.705157682467486,0.584651536462663,680,120,0.610000000000014
"C4",2,3,"R02_F03","C4_R02_F03","ANN_L1_L2","64-32",0.00025,0.001,0.01,18,43,TRUE,FALSE,0.700799913578686,0.589157840354191,680,120,0.789999999999964
"C4",2,4,"R02_F04","C4_R02_F04","ANN_0","16-8",5e-04,0,0,7,32,TRUE,FALSE,0.718927867137582,0.59807002373482,680,120,0.590000000000032
"C4",2,4,"R02_F04","C4_R02_F04","ANN_L1","16-8",5e-04,1e-05,0,7,32,TRUE,FALSE,0.719039295153117,0.597906526540468,680,120,0.549999999999955
"C4",2,4,"R02_F04","C4_R02_F04","ANN_L2","16-8",5e-04,0,0.001,7,32,TRUE,FALSE,0.718863297543062,0.598166117354684,680,120,0.480000000000018
"C4",2,4,"R02_F04","C4_R02_F04","ANN_L1_L2","16-8",5e-04,1e-05,0.001,7,32,TRUE,FALSE,0.718884487303087,0.598138114827203,680,120,0.419999999999959
"C4",2,5,"R02_F05","C4_R02_F05","ANN_0","16",0.00025,0,0,12,37,TRUE,FALSE,0.670970083953958,0.57882924419569,680,120,0.389999999999986
"C4",2,5,"R02_F05","C4_R02_F05","ANN_L1","16",0.00025,0.01,0,40,65,TRUE,FALSE,0.666714747870689,0.585628363401219,680,120,0.670000000000073
"C4",2,5,"R02_F05","C4_R02_F05","ANN_L2","16",0.00025,0,1e-04,12,37,TRUE,FALSE,0.670970346256846,0.578828069801463,680,120,0.549999999999955
"C4",2,5,"R02_F05","C4_R02_F05","ANN_L1_L2","16",0.00025,0.01,1e-05,22,47,TRUE,FALSE,0.666760743849861,0.585372770789722,680,120,0.569999999999936
"C4",3,1,"R03_F01","C4_R03_F01","ANN_0","32-16",0.00025,0,0,14,39,TRUE,FALSE,0.713662524872185,0.638842210321067,680,120,0.629999999999995
"C4",3,1,"R03_F01","C4_R03_F01","ANN_L1","32-16",0.00025,0.001,0,14,39,TRUE,FALSE,0.715261633596069,0.638579920826322,680,120,0.560000000000059
"C4",3,1,"R03_F01","C4_R03_F01","ANN_L2","32-16",0.00025,0,0.01,14,39,TRUE,FALSE,0.71354826558074,0.63901944397842,680,120,0.720000000000027
"C4",3,1,"R03_F01","C4_R03_F01","ANN_L1_L2","32-16",0.00025,0.001,0.01,14,39,TRUE,FALSE,0.716072654617954,0.638003441572107,680,120,0.539999999999964
"C4",3,2,"R03_F02","C4_R03_F02","ANN_0","64-32",0.00025,0,0,7,32,TRUE,FALSE,0.618343480317164,0.654136963775847,680,120,0.480000000000018
"C4",3,2,"R03_F02","C4_R03_F02","ANN_L1","64-32",0.00025,0.001,0,8,33,TRUE,FALSE,0.616385054347202,0.653875172474795,680,120,0.440000000000055
"C4",3,2,"R03_F02","C4_R03_F02","ANN_L2","64-32",0.00025,0,0.001,7,32,TRUE,FALSE,0.618048144208276,0.654468975745456,680,120,0.469999999999914
"C4",3,2,"R03_F02","C4_R03_F02","ANN_L1_L2","64-32",0.00025,0.001,0.01,9,34,TRUE,FALSE,0.616072210984519,0.654230182349113,680,120,0.519999999999982
"C4",3,3,"R03_F03","C4_R03_F03","ANN_0","32-16",0.000125,0,0,40,65,TRUE,FALSE,0.69234628155563,0.605646403446258,680,120,1.07999999999993
"C4",3,3,"R03_F03","C4_R03_F03","ANN_L1","32-16",0.000125,0.001,0,55,80,TRUE,FALSE,0.692735897380157,0.603853975357164,680,120,1.34000000000003
"C4",3,3,"R03_F03","C4_R03_F03","ANN_L2","32-16",0.000125,0,1e-04,40,65,TRUE,FALSE,0.692264440914328,0.605671000058687,680,120,0.920000000000073
"C4",3,3,"R03_F03","C4_R03_F03","ANN_L1_L2","32-16",0.000125,0.001,1e-05,57,82,TRUE,FALSE,0.694174912554374,0.601798304040426,680,120,1.07999999999993
"C4",3,4,"R03_F04","C4_R03_F04","ANN_0","16-8",0.000125,0,0,28,53,TRUE,FALSE,0.700708113181479,0.651478579632873,680,120,0.620000000000005
"C4",3,4,"R03_F04","C4_R03_F04","ANN_L1","16-8",0.000125,1e-05,0,28,53,TRUE,FALSE,0.701064352039293,0.650970100666018,680,120,0.590000000000032
"C4",3,4,"R03_F04","C4_R03_F04","ANN_L2","16-8",0.000125,0,1e-04,28,53,TRUE,FALSE,0.700817197925853,0.651233111734573,680,120,0.610000000000014
"C4",3,4,"R03_F04","C4_R03_F04","ANN_L1_L2","16-8",0.000125,1e-05,1e-05,29,54,TRUE,FALSE,0.701037341356131,0.648988583870732,680,120,0.710000000000036
"C4",3,5,"R03_F05","C4_R03_F05","ANN_0","64-32",0.000125,0,0,9,34,TRUE,FALSE,0.691620741412217,0.533463724607264,680,120,0.389999999999986
"C4",3,5,"R03_F05","C4_R03_F05","ANN_L1","64-32",0.000125,0.001,0,10,35,TRUE,FALSE,0.694199043657889,0.529259700050856,680,120,0.42999999999995
"C4",3,5,"R03_F05","C4_R03_F05","ANN_L2","64-32",0.000125,0,0.01,9,34,TRUE,FALSE,0.691463416474844,0.533713063546289,680,120,0.399999999999977
"C4",3,5,"R03_F05","C4_R03_F05","ANN_L1_L2","64-32",0.000125,0.001,0.01,10,35,TRUE,FALSE,0.694000936163441,0.52924307283607,680,120,0.419999999999959
"C4",4,1,"R04_F01","C4_R04_F01","ANN_0","32-16",0.000125,0,0,32,57,TRUE,FALSE,0.681206404492591,0.684029349907237,680,120,0.690000000000055
"C4",4,1,"R04_F01","C4_R04_F01","ANN_L1","32-16",0.000125,0.001,0,54,79,TRUE,FALSE,0.681920916102381,0.679323472520787,680,120,0.939999999999941
"C4",4,1,"R04_F01","C4_R04_F01","ANN_L2","32-16",0.000125,0,1e-04,33,58,TRUE,FALSE,0.680783589261216,0.683865935782408,680,120,0.659999999999968
"C4",4,1,"R04_F01","C4_R04_F01","ANN_L1_L2","32-16",0.000125,0.001,0.001,51,76,TRUE,FALSE,0.682510739776219,0.679007869720692,680,120,0.889999999999986
"C4",4,2,"R04_F02","C4_R04_F02","ANN_0","16",0.000125,0,0,16,41,TRUE,FALSE,0.672487590162718,0.62452502137692,680,120,0.42999999999995
"C4",4,2,"R04_F02","C4_R04_F02","ANN_L1","16",0.000125,1e-05,0,16,41,TRUE,FALSE,0.672487217192009,0.624513366992839,680,120,0.480000000000018
"C4",4,2,"R04_F02","C4_R04_F02","ANN_L2","16",0.000125,0,0.01,16,41,TRUE,FALSE,0.672421049511274,0.624522253833305,680,120,0.399999999999977
"C4",4,2,"R04_F02","C4_R04_F02","ANN_L1_L2","16",0.000125,1e-05,0.01,16,41,TRUE,FALSE,0.672442672454197,0.62448394956684,680,120,0.529999999999973
"C4",4,3,"R04_F03","C4_R04_F03","ANN_0","64-32",0.000125,0,0,17,42,TRUE,FALSE,0.615906220580208,0.706761895048732,680,120,0.549999999999955
"C4",4,3,"R04_F03","C4_R04_F03","ANN_L1","64-32",0.000125,0.001,0,20,45,TRUE,FALSE,0.612796175510026,0.711741955006574,680,120,0.810000000000059
"C4",4,3,"R04_F03","C4_R04_F03","ANN_L2","64-32",0.000125,0,1e-05,18,43,TRUE,FALSE,0.615808842340377,0.707470791689451,680,120,0.579999999999927
"C4",4,3,"R04_F03","C4_R04_F03","ANN_L1_L2","64-32",0.000125,0.001,1e-04,20,45,TRUE,FALSE,0.612784372263702,0.711767167014547,680,120,0.730000000000018
"C4",4,4,"R04_F04","C4_R04_F04","ANN_0","64-32",0.000125,0,0,36,61,TRUE,FALSE,0.694142009751697,0.552614333882332,680,120,1.16999999999996
"C4",4,4,"R04_F04","C4_R04_F04","ANN_L1","64-32",0.000125,1e-04,0,35,60,TRUE,FALSE,0.695104634421802,0.550742198506596,680,120,0.829999999999927
"C4",4,4,"R04_F04","C4_R04_F04","ANN_L2","64-32",0.000125,0,0.01,34,59,TRUE,FALSE,0.695209590035057,0.550162171844474,680,120,0.809999999999945
"C4",4,4,"R04_F04","C4_R04_F04","ANN_L1_L2","64-32",0.000125,0.001,0.01,31,56,TRUE,FALSE,0.69956296331013,0.540006865451907,680,120,0.670000000000073
"C4",4,5,"R04_F05","C4_R04_F05","ANN_0","32",0.000125,0,0,20,45,TRUE,FALSE,0.694890332653614,0.538426840732456,680,120,0.490000000000009
"C4",4,5,"R04_F05","C4_R04_F05","ANN_L1","32",0.000125,0.01,0,103,128,TRUE,FALSE,0.679300611441207,0.574331154747197,680,120,1.37000000000012
"C4",4,5,"R04_F05","C4_R04_F05","ANN_L2","32",0.000125,0,0.001,20,45,TRUE,FALSE,0.694931761499659,0.538367474225335,680,120,0.5
"C4",4,5,"R04_F05","C4_R04_F05","ANN_L1_L2","32",0.000125,0.01,1e-05,100,125,TRUE,FALSE,0.679167217923943,0.574166327925144,680,120,1.6099999999999
"C4",5,1,"R05_F01","C4_R05_F01","ANN_0","64-32",0.00025,0,0,6,31,TRUE,FALSE,0.756881278625953,0.545478653540433,680,120,0.400000000000091
"C4",5,1,"R05_F01","C4_R05_F01","ANN_L1","64-32",0.00025,0.001,0,7,32,TRUE,FALSE,0.758795800599176,0.540880853382796,680,120,0.420000000000073
"C4",5,1,"R05_F01","C4_R05_F01","ANN_L2","64-32",0.00025,0,0.01,6,31,TRUE,FALSE,0.757089957760639,0.545086670006604,680,120,0.400000000000091
"C4",5,1,"R05_F01","C4_R05_F01","ANN_L1_L2","64-32",0.00025,0.001,0.001,25,50,TRUE,FALSE,0.758912627084182,0.532889386387272,680,120,0.6400000000001
"C4",5,2,"R05_F02","C4_R05_F02","ANN_0","64-32",5e-04,0,0,3,28,TRUE,FALSE,0.726902868108534,0.599300150602394,680,120,0.329999999999927
"C4",5,2,"R05_F02","C4_R05_F02","ANN_L1","64-32",5e-04,1e-05,0,3,28,TRUE,FALSE,0.726634622111012,0.599692457253909,680,120,0.549999999999955
"C4",5,2,"R05_F02","C4_R05_F02","ANN_L2","64-32",5e-04,0,0.01,3,28,TRUE,FALSE,0.726384095779227,0.599835022996893,680,120,0.5
"C4",5,2,"R05_F02","C4_R05_F02","ANN_L1_L2","64-32",5e-04,0.001,0.01,3,28,TRUE,FALSE,0.728220834912497,0.596202119813514,680,120,0.369999999999891
"C4",5,3,"R05_F03","C4_R05_F03","ANN_0","64-32",0.000125,0,0,17,42,TRUE,FALSE,0.683576733968152,0.633963516549122,680,120,0.619999999999891
"C4",5,3,"R05_F03","C4_R05_F03","ANN_L1","64-32",0.000125,0.001,0,19,44,TRUE,FALSE,0.67944483610045,0.638339552844214,680,120,0.720000000000027
"C4",5,3,"R05_F03","C4_R05_F03","ANN_L2","64-32",0.000125,0,0.001,17,42,TRUE,FALSE,0.683681331060791,0.633838289551072,680,120,0.599999999999909
"C4",5,3,"R05_F03","C4_R05_F03","ANN_L1_L2","64-32",0.000125,0.001,0.01,19,44,TRUE,FALSE,0.679109154328381,0.639279893762204,680,120,0.670000000000073
"C4",5,4,"R05_F04","C4_R05_F04","ANN_0","64-32",5e-04,0,0,2,27,TRUE,FALSE,0.668353980485316,0.559852022421128,680,120,0.380000000000109
"C4",5,4,"R05_F04","C4_R05_F04","ANN_L1","64-32",5e-04,1e-05,0,2,27,TRUE,FALSE,0.668358332748124,0.559839221541427,680,120,0.470000000000027
"C4",5,4,"R05_F04","C4_R05_F04","ANN_L2","64-32",5e-04,0,0.001,2,27,TRUE,FALSE,0.668330131896181,0.559904640782259,680,120,0.420000000000073
"C4",5,4,"R05_F04","C4_R05_F04","ANN_L1_L2","64-32",5e-04,1e-05,0.01,2,27,TRUE,FALSE,0.668534332042248,0.559487114793079,680,120,0.439999999999827
"C4",5,5,"R05_F05","C4_R05_F05","ANN_0","64-32",0.000125,0,0,8,33,TRUE,FALSE,0.617791081717411,0.594459616735851,680,120,0.450000000000045
"C4",5,5,"R05_F05","C4_R05_F05","ANN_L1","64-32",0.000125,1e-05,0,8,33,TRUE,FALSE,0.617782744879378,0.594473550593562,680,120,0.4699999999998
"C4",5,5,"R05_F05","C4_R05_F05","ANN_L2","64-32",0.000125,0,1e-04,8,33,TRUE,FALSE,0.617746249486762,0.594539485503489,680,120,0.410000000000082
"C4",5,5,"R05_F05","C4_R05_F05","ANN_L1_L2","64-32",0.000125,1e-05,1e-04,8,33,TRUE,FALSE,0.617944298071482,0.594189194514061,680,120,0.5
"C5",1,1,"R01_F01","C5_R01_F01","ANN_0","32",0.000125,0,0,13,38,TRUE,FALSE,0.748175380428386,0.512786265208657,680,120,0.409999999999854
"C5",1,1,"R01_F01","C5_R01_F01","ANN_L1","32",0.000125,0.01,0,25,50,TRUE,FALSE,0.759094174918696,0.512451930700026,680,120,0.740000000000009
"C5",1,1,"R01_F01","C5_R01_F01","ANN_L2","32",0.000125,0,0.01,13,38,TRUE,FALSE,0.748148528564869,0.51274420717895,680,120,0.529999999999973
"C5",1,1,"R01_F01","C5_R01_F01","ANN_L1_L2","32",0.000125,0.01,1e-04,25,50,TRUE,FALSE,0.759308342562876,0.512078737765303,680,120,0.759999999999991
"C5",1,2,"R01_F02","C5_R01_F02","ANN_0","32-16",0.00025,0,0,20,45,TRUE,FALSE,0.84039420697096,0.496765995167264,680,120,0.700000000000045
"C5",1,2,"R01_F02","C5_R01_F02","ANN_L1","32-16",0.00025,0.001,0,21,46,TRUE,FALSE,0.834934547040278,0.506046328554941,680,120,0.830000000000155
"C5",1,2,"R01_F02","C5_R01_F02","ANN_L2","32-16",0.00025,0,0.01,21,46,TRUE,FALSE,0.83842623999009,0.499482500812124,680,120,0.839999999999918
"C5",1,2,"R01_F02","C5_R01_F02","ANN_L1_L2","32-16",0.00025,0.001,1e-05,21,46,TRUE,FALSE,0.834961407136195,0.505599927525195,680,120,0.6400000000001
"C5",1,3,"R01_F03","C5_R01_F03","ANN_0","64-32",0.000125,0,0,34,59,TRUE,FALSE,0.822577734036093,0.422092971173286,680,120,0.8900000000001
"C5",1,3,"R01_F03","C5_R01_F03","ANN_L1","64-32",0.000125,1e-04,0,35,60,TRUE,FALSE,0.819889050199153,0.427095429652657,680,120,0.819999999999936
"C5",1,3,"R01_F03","C5_R01_F03","ANN_L2","64-32",0.000125,0,0.001,37,62,TRUE,FALSE,0.822648823512478,0.423609380911521,680,120,0.889999999999873
"C5",1,3,"R01_F03","C5_R01_F03","ANN_L1_L2","64-32",0.000125,1e-04,1e-05,35,60,TRUE,FALSE,0.820588727523697,0.425842774174574,680,120,0.920000000000073
"C5",1,4,"R01_F04","C5_R01_F04","ANN_0","16-8",0.001,0,0,5,30,TRUE,FALSE,0.768947850438758,0.445271443463155,680,120,0.550000000000182
"C5",1,4,"R01_F04","C5_R01_F04","ANN_L1","16-8",0.001,0.01,0,111,136,TRUE,FALSE,0.751020638753355,0.45806401884266,680,120,1.75999999999999
"C5",1,4,"R01_F04","C5_R01_F04","ANN_L2","16-8",0.001,0,0.01,5,30,TRUE,FALSE,0.769253910827918,0.444839845623632,680,120,0.470000000000027
"C5",1,4,"R01_F04","C5_R01_F04","ANN_L1_L2","16-8",0.001,0.001,0.01,6,31,TRUE,FALSE,0.760105714233651,0.455300279282033,680,120,0.459999999999809
"C5",1,5,"R01_F05","C5_R01_F05","ANN_0","64-32",0.000125,0,0,13,38,TRUE,FALSE,0.728671561154567,0.447876183240733,680,120,0.590000000000146
"C5",1,5,"R01_F05","C5_R01_F05","ANN_L1","64-32",0.000125,0.001,0,15,40,TRUE,FALSE,0.728863710236977,0.446649245922191,680,120,0.559999999999945
"C5",1,5,"R01_F05","C5_R01_F05","ANN_L2","64-32",0.000125,0,0.01,13,38,TRUE,FALSE,0.728358695572148,0.448573618291587,680,120,0.619999999999891
"C5",1,5,"R01_F05","C5_R01_F05","ANN_L1_L2","64-32",0.000125,0.001,1e-04,15,40,TRUE,FALSE,0.728972615013683,0.446413888481665,680,120,0.630000000000109
"C5",2,1,"R02_F01","C5_R02_F01","ANN_0","64-32",0.001,0,0,1,26,TRUE,FALSE,0.669595787376315,0.379812920591751,680,120,0.4699999999998
"C5",2,1,"R02_F01","C5_R02_F01","ANN_L1","64-32",0.001,0.01,0,23,48,TRUE,FALSE,0.65905908953078,0.414021560301086,680,120,0.75
"C5",2,1,"R02_F01","C5_R02_F01","ANN_L2","64-32",0.001,0,0.01,1,26,TRUE,FALSE,0.669656993110095,0.379813798322241,680,120,0.3599999999999
"C5",2,1,"R02_F01","C5_R02_F01","ANN_L1_L2","64-32",0.001,0.01,1e-04,23,48,TRUE,FALSE,0.659214331986234,0.413161488011897,680,120,0.829999999999927
"C5",2,2,"R02_F02","C5_R02_F02","ANN_0","32",0.000125,0,0,17,42,TRUE,FALSE,0.744350101638604,0.409640537663445,680,120,0.480000000000018
"C5",2,2,"R02_F02","C5_R02_F02","ANN_L1","32",0.000125,0.01,0,24,49,TRUE,FALSE,0.729867557963178,0.408826615564947,680,120,0.520000000000209
"C5",2,2,"R02_F02","C5_R02_F02","ANN_L2","32",0.000125,0,0.01,17,42,TRUE,FALSE,0.74369199013515,0.410643479992815,680,120,0.549999999999955
"C5",2,2,"R02_F02","C5_R02_F02","ANN_L1_L2","32",0.000125,0.01,0.001,24,49,TRUE,FALSE,0.730057131303902,0.408552601264409,680,120,0.630000000000109
"C5",2,3,"R02_F03","C5_R02_F03","ANN_0","32-16",0.00025,0,0,19,44,TRUE,FALSE,0.775381569630537,0.422547629933862,680,120,0.860000000000127
"C5",2,3,"R02_F03","C5_R02_F03","ANN_L1","32-16",0.00025,1e-05,0,19,44,TRUE,FALSE,0.776863719890678,0.419436762365719,680,120,0.549999999999955
"C5",2,3,"R02_F03","C5_R02_F03","ANN_L2","32-16",0.00025,0,0.001,19,44,TRUE,FALSE,0.777069241529445,0.418940827747246,680,120,0.589999999999918
"C5",2,3,"R02_F03","C5_R02_F03","ANN_L1_L2","32-16",0.00025,1e-05,0.001,19,44,TRUE,FALSE,0.776568739069144,0.419733022186397,680,120,0.5
"C5",2,4,"R02_F04","C5_R02_F04","ANN_0","64-32",5e-04,0,0,5,30,TRUE,FALSE,0.807150359074566,0.588237742688862,680,120,0.529999999999973
"C5",2,4,"R02_F04","C5_R02_F04","ANN_L1","64-32",5e-04,1e-05,0,5,30,TRUE,FALSE,0.806417212171421,0.589379738092757,680,120,0.420000000000073
"C5",2,4,"R02_F04","C5_R02_F04","ANN_L2","64-32",5e-04,0,1e-04,5,30,TRUE,FALSE,0.806578569548482,0.589287632141453,680,120,0.450000000000045
"C5",2,4,"R02_F04","C5_R02_F04","ANN_L1_L2","64-32",5e-04,1e-05,0.001,5,30,TRUE,FALSE,0.805318598441029,0.591270301671591,680,120,0.429999999999836
"C5",2,5,"R02_F05","C5_R02_F05","ANN_0","64-32",5e-04,0,0,2,27,TRUE,FALSE,0.733904175077579,0.514458506896146,680,120,0.400000000000091
"C5",2,5,"R02_F05","C5_R02_F05","ANN_L1","64-32",5e-04,0.001,0,2,27,TRUE,FALSE,0.731918599085458,0.515453070580981,680,120,0.420000000000073
"C5",2,5,"R02_F05","C5_R02_F05","ANN_L2","64-32",5e-04,0,0.01,2,27,TRUE,FALSE,0.733862356414279,0.51445242425299,680,120,0.409999999999854
"C5",2,5,"R02_F05","C5_R02_F05","ANN_L1_L2","64-32",5e-04,0.001,0.01,2,27,TRUE,FALSE,0.731765827471102,0.515595999381163,680,120,0.549999999999955
"C5",3,1,"R03_F01","C5_R03_F01","ANN_0","32-16",0.000125,0,0,61,86,TRUE,FALSE,0.768496232185933,0.556267787211821,680,120,1.19000000000005
"C5",3,1,"R03_F01","C5_R03_F01","ANN_L1","32-16",0.000125,1e-04,0,49,74,TRUE,FALSE,0.766504351186858,0.562544426314826,680,120,1.16999999999985
"C5",3,1,"R03_F01","C5_R03_F01","ANN_L2","32-16",0.000125,0,1e-05,55,80,TRUE,FALSE,0.76878966898521,0.556849247251549,680,120,1.32999999999993
"C5",3,1,"R03_F01","C5_R03_F01","ANN_L1_L2","32-16",0.000125,1e-04,1e-04,47,72,TRUE,FALSE,0.765901486227022,0.564843238714754,680,120,1.01999999999998
"C5",3,2,"R03_F02","C5_R03_F02","ANN_0","64-32",0.000125,0,0,11,36,TRUE,FALSE,0.666257967226494,0.525105065850295,680,120,0.490000000000009
"C5",3,2,"R03_F02","C5_R03_F02","ANN_L1","64-32",0.000125,0.001,0,14,39,TRUE,FALSE,0.663602820602272,0.530229877933366,680,120,0.589999999999918
"C5",3,2,"R03_F02","C5_R03_F02","ANN_L2","64-32",0.000125,0,0.01,12,37,TRUE,FALSE,0.665746493125672,0.52625737954307,680,120,0.549999999999955
"C5",3,2,"R03_F02","C5_R03_F02","ANN_L1_L2","64-32",0.000125,0.001,0.01,14,39,TRUE,FALSE,0.663142247209643,0.530965466447743,680,120,0.6400000000001
"C5",3,3,"R03_F03","C5_R03_F03","ANN_0","64-32",0.00025,0,0,9,34,TRUE,FALSE,0.687199001883066,0.522229179964951,680,120,0.700000000000045
"C5",3,3,"R03_F03","C5_R03_F03","ANN_L1","64-32",0.00025,0.001,0,10,35,TRUE,FALSE,0.689332242399811,0.519044637490551,680,120,0.559999999999945
"C5",3,3,"R03_F03","C5_R03_F03","ANN_L2","64-32",0.00025,0,0.01,9,34,TRUE,FALSE,0.687890002584086,0.520841343785658,680,120,0.440000000000055
"C5",3,3,"R03_F03","C5_R03_F03","ANN_L1_L2","64-32",0.00025,0.001,1e-05,10,35,TRUE,FALSE,0.689263584807243,0.519200610459249,680,120,0.529999999999973
"C5",3,4,"R03_F04","C5_R03_F04","ANN_0","32-16",0.000125,0,0,27,52,TRUE,FALSE,0.766991763376703,0.368777794779554,680,120,0.75
"C5",3,4,"R03_F04","C5_R03_F04","ANN_L1","32-16",0.000125,0.01,0,102,127,TRUE,FALSE,0.779914172881229,0.290756352933335,680,120,2.16000000000008
"C5",3,4,"R03_F04","C5_R03_F04","ANN_L2","32-16",0.000125,0,0.001,26,51,TRUE,FALSE,0.766538866841241,0.371683244552988,680,120,1.25
"C5",3,4,"R03_F04","C5_R03_F04","ANN_L1_L2","32-16",0.000125,0.01,0.001,105,130,TRUE,FALSE,0.779827858171291,0.288834805113899,680,120,2.17000000000007
"C5",3,5,"R03_F05","C5_R03_F05","ANN_0","64-32",0.000125,0,0,18,43,TRUE,FALSE,0.834120260113117,0.520270850825621,680,120,0.549999999999955
"C5",3,5,"R03_F05","C5_R03_F05","ANN_L1","64-32",0.000125,0.001,0,22,47,TRUE,FALSE,0.835914203196587,0.521054298432666,680,120,0.729999999999791
"C5",3,5,"R03_F05","C5_R03_F05","ANN_L2","64-32",0.000125,0,0.01,18,43,TRUE,FALSE,0.833749984948498,0.521108082272716,680,120,0.700000000000045
"C5",3,5,"R03_F05","C5_R03_F05","ANN_L1_L2","64-32",0.000125,0.001,0.01,22,47,TRUE,FALSE,0.836281008052396,0.521621608610466,680,120,0.720000000000027
"C5",4,1,"R04_F01","C5_R04_F01","ANN_0","16",0.000125,0,0,6,31,TRUE,FALSE,0.786035827508302,0.350113321018751,680,120,0.3599999999999
"C5",4,1,"R04_F01","C5_R04_F01","ANN_L1","16",0.000125,0.01,0,9,34,TRUE,FALSE,0.784207806780382,0.358304626270002,680,120,0.339999999999918
"C5",4,1,"R04_F01","C5_R04_F01","ANN_L2","16",0.000125,0,0.01,6,31,TRUE,FALSE,0.785888174094401,0.350547858439774,680,120,0.589999999999918
"C5",4,1,"R04_F01","C5_R04_F01","ANN_L1_L2","16",0.000125,0.01,1e-04,9,34,TRUE,FALSE,0.784205770710805,0.358308979971207,680,120,0.590000000000146
"C5",4,2,"R04_F02","C5_R04_F02","ANN_0","64-32",0.000125,0,0,22,47,TRUE,FALSE,0.758074109172708,0.601280144862606,680,120,0.720000000000027
"C5",4,2,"R04_F02","C5_R04_F02","ANN_L1","64-32",0.000125,0.001,0,23,48,TRUE,FALSE,0.757429043145845,0.61520351607671,680,120,0.700000000000045
"C5",4,2,"R04_F02","C5_R04_F02","ANN_L2","64-32",0.000125,0,1e-04,22,47,TRUE,FALSE,0.75838761797445,0.600773678806496,680,120,0.849999999999909
"C5",4,2,"R04_F02","C5_R04_F02","ANN_L1_L2","64-32",0.000125,0.001,0.01,81,106,TRUE,FALSE,0.754415320102292,0.60464386765843,680,120,1.49000000000001
"C5",4,3,"R04_F03","C5_R04_F03","ANN_0","64-32",5e-04,0,0,3,28,TRUE,FALSE,0.742732575065993,0.513819500349631,680,120,0.3599999999999
"C5",4,3,"R04_F03","C5_R04_F03","ANN_L1","64-32",5e-04,0.001,0,4,29,TRUE,FALSE,0.743399631807569,0.508154547616662,680,120,0.430000000000064
"C5",4,3,"R04_F03","C5_R04_F03","ANN_L2","64-32",5e-04,0,0.01,3,28,TRUE,FALSE,0.742986712588762,0.513403573016052,680,120,0.319999999999936
"C5",4,3,"R04_F03","C5_R04_F03","ANN_L1_L2","64-32",5e-04,0.001,0.01,4,29,TRUE,FALSE,0.742705739337488,0.508538253506961,680,120,0.360000000000127
"C5",4,4,"R04_F04","C5_R04_F04","ANN_0","64-32",0.001,0,0,2,27,TRUE,FALSE,0.769157738566757,0.570623887419954,680,120,0.3599999999999
"C5",4,4,"R04_F04","C5_R04_F04","ANN_L1","64-32",0.001,0.001,0,2,27,TRUE,FALSE,0.768685058890962,0.567134583507598,680,120,0.360000000000127
"C5",4,4,"R04_F04","C5_R04_F04","ANN_L2","64-32",0.001,0,0.01,2,27,TRUE,FALSE,0.768382951035117,0.571317822632115,680,120,0.549999999999955
"C5",4,4,"R04_F04","C5_R04_F04","ANN_L1_L2","64-32",0.001,0.001,0.01,2,27,TRUE,FALSE,0.768890926728917,0.566187893370405,680,120,0.599999999999909
"C5",4,5,"R04_F05","C5_R04_F05","ANN_0","64-32",0.000125,0,0,17,42,TRUE,FALSE,0.744644922603563,0.43955898492074,680,120,0.6400000000001
"C5",4,5,"R04_F05","C5_R04_F05","ANN_L1","64-32",0.000125,1e-04,0,17,42,TRUE,FALSE,0.744302888457993,0.439750681169466,680,120,0.549999999999955
"C5",4,5,"R04_F05","C5_R04_F05","ANN_L2","64-32",0.000125,0,1e-04,17,42,TRUE,FALSE,0.745140541699769,0.43849418942422,680,120,0.579999999999927
"C5",4,5,"R04_F05","C5_R04_F05","ANN_L1_L2","64-32",0.000125,1e-05,0.01,17,42,TRUE,FALSE,0.744403599515752,0.439591417978757,680,120,0.730000000000018
"C5",5,1,"R05_F01","C5_R05_F01","ANN_0","64-32",5e-04,0,0,3,28,TRUE,FALSE,0.717300649045392,0.485141200389716,680,120,0.430000000000064
"C5",5,1,"R05_F01","C5_R05_F01","ANN_L1","64-32",5e-04,0.001,0,3,28,TRUE,FALSE,0.714920688601554,0.486698011846698,680,120,0.419999999999845
"C5",5,1,"R05_F01","C5_R05_F01","ANN_L2","64-32",5e-04,0,1e-05,3,28,TRUE,FALSE,0.717305792422291,0.485138302507582,680,120,0.549999999999955
"C5",5,1,"R05_F01","C5_R05_F01","ANN_L1_L2","64-32",5e-04,0.001,0.01,3,28,TRUE,FALSE,0.714683799765636,0.48714778778609,680,120,0.300000000000182
"C5",5,2,"R05_F02","C5_R05_F02","ANN_0","32-16",0.00025,0,0,8,33,TRUE,FALSE,0.75253218187421,0.351223819421471,680,120,0.3900000000001
"C5",5,2,"R05_F02","C5_R05_F02","ANN_L1","32-16",0.00025,0.001,0,8,33,TRUE,FALSE,0.751031126107054,0.354786134481703,680,120,0.450000000000045
"C5",5,2,"R05_F02","C5_R05_F02","ANN_L2","32-16",0.00025,0,0.01,8,33,TRUE,FALSE,0.751468075219101,0.354031907645188,680,120,0.400000000000091
"C5",5,2,"R05_F02","C5_R05_F02","ANN_L1_L2","32-16",0.00025,0.001,0.01,8,33,TRUE,FALSE,0.750974478666094,0.354638475340634,680,120,0.630000000000109
"C5",5,3,"R05_F03","C5_R05_F03","ANN_0","32-16",0.00025,0,0,16,41,TRUE,FALSE,0.766186765522418,0.540306346799604,680,120,0.849999999999909
"C5",5,3,"R05_F03","C5_R05_F03","ANN_L1","32-16",0.00025,0.001,0,17,42,TRUE,FALSE,0.772778689893776,0.529408771685318,680,120,0.980000000000018
"C5",5,3,"R05_F03","C5_R05_F03","ANN_L2","32-16",0.00025,0,0.01,16,41,TRUE,FALSE,0.767107771546628,0.538789081782275,680,120,0.839999999999918
"C5",5,3,"R05_F03","C5_R05_F03","ANN_L1_L2","32-16",0.00025,0.001,0.01,16,41,TRUE,FALSE,0.773247679206193,0.529389564879972,680,120,0.549999999999955
"C5",5,4,"R05_F04","C5_R05_F04","ANN_0","32",0.000125,0,0,6,31,TRUE,FALSE,0.706830691831011,0.579800688428116,680,120,0.329999999999927
"C5",5,4,"R05_F04","C5_R05_F04","ANN_L1","32",0.000125,0.01,0,11,36,TRUE,FALSE,0.694024069809019,0.602246465520291,680,120,0.330000000000155
"C5",5,4,"R05_F04","C5_R05_F04","ANN_L2","32",0.000125,0,0.01,6,31,TRUE,FALSE,0.706773803376733,0.579874070318979,680,120,0.400000000000091
"C5",5,4,"R05_F04","C5_R05_F04","ANN_L1_L2","32",0.000125,0.01,1e-04,11,36,TRUE,FALSE,0.694030697775015,0.602243296225558,680,120,0.440000000000055
"C5",5,5,"R05_F05","C5_R05_F05","ANN_0","64-32",0.000125,0,0,24,49,TRUE,FALSE,0.821061223360632,0.387894445013959,680,120,0.710000000000036
"C5",5,5,"R05_F05","C5_R05_F05","ANN_L1","64-32",0.000125,0.001,0,28,53,TRUE,FALSE,0.809003530567691,0.403137493261924,680,120,0.729999999999791
"C5",5,5,"R05_F05","C5_R05_F05","ANN_L2","64-32",0.000125,0,1e-04,24,49,TRUE,FALSE,0.820189020459367,0.389527361473589,680,120,0.7199999999998
"C5",5,5,"R05_F05","C5_R05_F05","ANN_L1_L2","64-32",0.000125,0.001,0.01,28,53,TRUE,FALSE,0.809336005957532,0.402036051658528,680,120,0.720000000000027
"C6",1,1,"R01_F01","C6_R01_F01","ANN_0","64-32",0.000125,0,0,21,46,TRUE,FALSE,0.599920769956554,0.526299928024154,680,120,0.710000000000036
"C6",1,1,"R01_F01","C6_R01_F01","ANN_L1","64-32",0.000125,0.001,0,22,47,TRUE,FALSE,0.601754236687005,0.519240174307308,680,120,1.35000000000014
"C6",1,1,"R01_F01","C6_R01_F01","ANN_L2","64-32",0.000125,0,0.001,21,46,TRUE,FALSE,0.600138420378531,0.525870548126876,680,120,1.58999999999992
"C6",1,1,"R01_F01","C6_R01_F01","ANN_L1_L2","64-32",0.000125,0.001,0.001,22,47,TRUE,FALSE,0.601707291773627,0.519236298150371,680,120,0.879999999999882
"C6",1,2,"R01_F02","C6_R01_F02","ANN_0","64-32",0.000125,0,0,14,39,TRUE,FALSE,0.668045985843285,0.467842824452149,680,120,0.900000000000091
"C6",1,2,"R01_F02","C6_R01_F02","ANN_L1","64-32",0.000125,1e-05,0,14,39,TRUE,FALSE,0.668164457815188,0.467512278652855,680,120,0.740000000000009
"C6",1,2,"R01_F02","C6_R01_F02","ANN_L2","64-32",0.000125,0,1e-05,14,39,TRUE,FALSE,0.668012737438929,0.467924509015124,680,120,0.6400000000001
"C6",1,2,"R01_F02","C6_R01_F02","ANN_L1_L2","64-32",0.000125,1e-05,1e-05,14,39,TRUE,FALSE,0.668179620683802,0.4674518846794,680,120,1.31999999999994
"C6",1,3,"R01_F03","C6_R01_F03","ANN_0","16",0.000125,0,0,25,50,TRUE,FALSE,0.707710959086547,0.401058878569288,680,120,0.830000000000155
"C6",1,3,"R01_F03","C6_R01_F03","ANN_L1","16",0.000125,0.01,0,36,61,TRUE,FALSE,0.701250298346134,0.415529347974082,680,120,0.710000000000036
"C6",1,3,"R01_F03","C6_R01_F03","ANN_L2","16",0.000125,0,0.001,25,50,TRUE,FALSE,0.707674483468636,0.401182957501058,680,120,0.670000000000073
"C6",1,3,"R01_F03","C6_R01_F03","ANN_L1_L2","16",0.000125,0.01,0.01,37,62,TRUE,FALSE,0.701064234295496,0.416515278172461,680,120,0.799999999999955
"C6",1,4,"R01_F04","C6_R01_F04","ANN_0","32-16",0.001,0,0,3,28,TRUE,FALSE,0.658390199563682,0.527522020045965,680,120,0.429999999999836
"C6",1,4,"R01_F04","C6_R01_F04","ANN_L1","32-16",0.001,0.01,0,19,44,TRUE,FALSE,0.671141029309456,0.52250515962846,680,120,0.449999999999818
"C6",1,4,"R01_F04","C6_R01_F04","ANN_L2","32-16",0.001,0,0.01,3,28,TRUE,FALSE,0.658556231154658,0.5275113577541,680,120,0.400000000000091
"C6",1,4,"R01_F04","C6_R01_F04","ANN_L1_L2","32-16",0.001,0.01,1e-05,18,43,TRUE,FALSE,0.671874363893952,0.51939943928783,680,120,0.569999999999936
"C6",1,5,"R01_F05","C6_R01_F05","ANN_0","64-32",5e-04,0,0,2,27,TRUE,FALSE,0.596055639269665,0.4601430432785,680,120,0.389999999999873
"C6",1,5,"R01_F05","C6_R01_F05","ANN_L1","64-32",5e-04,1e-05,0,2,27,TRUE,FALSE,0.596066051049779,0.460125236626292,680,120,0.350000000000136
"C6",1,5,"R01_F05","C6_R01_F05","ANN_L2","64-32",5e-04,0,0.01,2,27,TRUE,FALSE,0.595876451356357,0.460510757888687,680,120,0.410000000000082
"C6",1,5,"R01_F05","C6_R01_F05","ANN_L1_L2","64-32",5e-04,1e-05,0.01,2,27,TRUE,FALSE,0.595797071987335,0.460692548729053,680,120,0.450000000000045
"C6",2,1,"R02_F01","C6_R02_F01","ANN_0","64-32",0.000125,0,0,11,36,TRUE,FALSE,0.606804140798817,0.365152170477877,680,120,0.519999999999982
"C6",2,1,"R02_F01","C6_R02_F01","ANN_L1","64-32",0.000125,0.001,0,12,37,TRUE,FALSE,0.606156901267595,0.364994644249879,680,120,0.840000000000146
"C6",2,1,"R02_F01","C6_R02_F01","ANN_L2","64-32",0.000125,0,1e-04,11,36,TRUE,FALSE,0.60658024151138,0.365795330989335,680,120,0.659999999999854
"C6",2,1,"R02_F01","C6_R02_F01","ANN_L1_L2","64-32",0.000125,0.001,1e-04,12,37,TRUE,FALSE,0.606178915006,0.364821570364872,680,120,0.470000000000027
"C6",2,2,"R02_F02","C6_R02_F02","ANN_0","64-32",5e-04,0,0,4,29,TRUE,FALSE,0.654127931903649,0.54469404936643,680,120,0.349999999999909
"C6",2,2,"R02_F02","C6_R02_F02","ANN_L1","64-32",5e-04,1e-04,0,4,29,TRUE,FALSE,0.652928618294446,0.546825211844551,680,120,0.360000000000127
"C6",2,2,"R02_F02","C6_R02_F02","ANN_L2","64-32",5e-04,0,1e-04,4,29,TRUE,FALSE,0.654041937794651,0.544918676033938,680,120,0.309999999999945
"C6",2,2,"R02_F02","C6_R02_F02","ANN_L1_L2","64-32",5e-04,1e-04,1e-04,4,29,TRUE,FALSE,0.652893118704428,0.546934625995611,680,120,0.360000000000127
"C6",2,3,"R02_F03","C6_R02_F03","ANN_0","64-32",5e-04,0,0,7,32,TRUE,FALSE,0.617425419215415,0.557165820355578,680,120,0.419999999999845
"C6",2,3,"R02_F03","C6_R02_F03","ANN_L1","64-32",5e-04,0.001,0,8,33,TRUE,FALSE,0.610657545777987,0.560685885749281,680,120,0.549999999999955
"C6",2,3,"R02_F03","C6_R02_F03","ANN_L2","64-32",5e-04,0,0.01,7,32,TRUE,FALSE,0.616296305866826,0.557827998956374,680,120,0.529999999999973
"C6",2,3,"R02_F03","C6_R02_F03","ANN_L1_L2","64-32",5e-04,0.001,0.01,8,33,TRUE,FALSE,0.610487476940994,0.561020345589919,680,120,0.470000000000027
"C6",2,4,"R02_F04","C6_R02_F04","ANN_0","64-32",5e-04,0,0,2,27,TRUE,FALSE,0.710004073103239,0.396366475218776,680,120,0.339999999999918
"C6",2,4,"R02_F04","C6_R02_F04","ANN_L1","64-32",5e-04,1e-04,0,2,27,TRUE,FALSE,0.710255940686298,0.395590800367677,680,120,0.309999999999945
"C6",2,4,"R02_F04","C6_R02_F04","ANN_L2","64-32",5e-04,0,0.01,2,27,TRUE,FALSE,0.710165639305208,0.395855916184455,680,120,0.409999999999854
"C6",2,4,"R02_F04","C6_R02_F04","ANN_L1_L2","64-32",5e-04,1e-05,0.01,2,27,TRUE,FALSE,0.71023775216075,0.395708174811518,680,120,0.420000000000073
"C6",2,5,"R02_F05","C6_R02_F05","ANN_0","64-32",0.000125,0,0,13,38,TRUE,FALSE,0.637027588181647,0.487678213979983,680,120,0.550000000000182
"C6",2,5,"R02_F05","C6_R02_F05","ANN_L1","64-32",0.000125,0.001,0,16,41,TRUE,FALSE,0.63577307370096,0.487415392749291,680,120,0.6400000000001
"C6",2,5,"R02_F05","C6_R02_F05","ANN_L2","64-32",0.000125,0,0.01,13,38,TRUE,FALSE,0.636730708968431,0.488099399075021,680,120,0.549999999999955
"C6",2,5,"R02_F05","C6_R02_F05","ANN_L1_L2","64-32",0.000125,0.001,0.01,17,42,TRUE,FALSE,0.636107029037576,0.485501560867108,680,120,0.509999999999991
"C6",3,1,"R03_F01","C6_R03_F01","ANN_0","64-32",5e-04,0,0,3,28,TRUE,FALSE,0.627755632175342,0.563441449456798,680,120,0.429999999999836
"C6",3,1,"R03_F01","C6_R03_F01","ANN_L1","64-32",5e-04,0.001,0,3,28,TRUE,FALSE,0.627427128588592,0.565597679889003,680,120,0.450000000000045
"C6",3,1,"R03_F01","C6_R03_F01","ANN_L2","64-32",5e-04,0,0.01,3,28,TRUE,FALSE,0.627406361775487,0.564116193582814,680,120,0.419999999999845
"C6",3,1,"R03_F01","C6_R03_F01","ANN_L1_L2","64-32",5e-04,0.001,1e-04,3,28,TRUE,FALSE,0.627230616934931,0.566105195425881,680,120,0.379999999999882
"C6",3,2,"R03_F02","C6_R03_F02","ANN_0","64-32",5e-04,0,0,3,28,TRUE,FALSE,0.619168106380662,0.531428751661334,680,120,0.389999999999873
"C6",3,2,"R03_F02","C6_R03_F02","ANN_L1","64-32",5e-04,1e-04,0,3,28,TRUE,FALSE,0.618533884034755,0.532647876110425,680,120,0.5
"C6",3,2,"R03_F02","C6_R03_F02","ANN_L2","64-32",5e-04,0,0.01,3,28,TRUE,FALSE,0.618756807645223,0.532272719801859,680,120,0.419999999999845
"C6",3,2,"R03_F02","C6_R03_F02","ANN_L1_L2","64-32",5e-04,1e-05,1e-05,3,28,TRUE,FALSE,0.619236497040768,0.531267847603775,680,120,0.410000000000082
"C6",3,3,"R03_F03","C6_R03_F03","ANN_0","64-32",0.000125,0,0,9,34,TRUE,FALSE,0.63475637078454,0.477229220408876,680,120,0.589999999999918
"C6",3,3,"R03_F03","C6_R03_F03","ANN_L1","64-32",0.000125,1e-04,0,9,34,TRUE,FALSE,0.635058736734879,0.476438990207214,680,120,0.569999999999936
"C6",3,3,"R03_F03","C6_R03_F03","ANN_L2","64-32",0.000125,0,1e-05,9,34,TRUE,FALSE,0.634748169529293,0.47725487295137,680,120,0.75
"C6",3,3,"R03_F03","C6_R03_F03","ANN_L1_L2","64-32",0.000125,1e-04,1e-05,9,34,TRUE,FALSE,0.635051919463468,0.476456861123076,680,120,0.649999999999864
"C6",3,4,"R03_F04","C6_R03_F04","ANN_0","16-8",0.000125,0,0,24,49,TRUE,FALSE,0.666431041780538,0.410473539544458,680,120,0.740000000000009
"C6",3,4,"R03_F04","C6_R03_F04","ANN_L1","16-8",0.000125,0.001,0,25,50,TRUE,FALSE,0.666089735999077,0.411073137604089,680,120,0.690000000000055
"C6",3,4,"R03_F04","C6_R03_F04","ANN_L2","16-8",0.000125,0,0.01,24,49,TRUE,FALSE,0.66623147077946,0.410959682683928,680,120,0.779999999999973
"C6",3,4,"R03_F04","C6_R03_F04","ANN_L1_L2","16-8",0.000125,0.001,0.01,25,50,TRUE,FALSE,0.665961896174438,0.411444855632916,680,120,0.759999999999991
"C6",3,5,"R03_F05","C6_R03_F05","ANN_0","64-32",0.00025,0,0,5,30,TRUE,FALSE,0.671290155090219,0.481480145591314,680,120,0.410000000000082
"C6",3,5,"R03_F05","C6_R03_F05","ANN_L1","64-32",0.00025,1e-04,0,5,30,TRUE,FALSE,0.671344757094459,0.481346491836864,680,120,0.369999999999891
"C6",3,5,"R03_F05","C6_R03_F05","ANN_L2","64-32",0.00025,0,0.001,5,30,TRUE,FALSE,0.671349515080196,0.481322784396678,680,120,0.379999999999882
"C6",3,5,"R03_F05","C6_R03_F05","ANN_L1_L2","64-32",0.00025,1e-04,0.01,5,30,TRUE,FALSE,0.671138405709662,0.482015444929878,680,120,0.450000000000045
"C6",4,1,"R04_F01","C6_R04_F01","ANN_0","64-32",0.00025,0,0,8,33,TRUE,FALSE,0.637573858139961,0.581382540796144,680,120,0.410000000000082
"C6",4,1,"R04_F01","C6_R04_F01","ANN_L1","64-32",0.00025,0.001,0,12,37,TRUE,FALSE,0.636109491581425,0.571629768424733,680,120,0.5
"C6",4,1,"R04_F01","C6_R04_F01","ANN_L2","64-32",0.00025,0,0.01,8,33,TRUE,FALSE,0.637181424962754,0.58169255626184,680,120,0.660000000000082
"C6",4,1,"R04_F01","C6_R04_F01","ANN_L1_L2","64-32",0.00025,0.001,0.01,12,37,TRUE,FALSE,0.636020047126981,0.57078738687928,680,120,0.630000000000109
"C6",4,2,"R04_F02","C6_R04_F02","ANN_0","64-32",0.000125,0,0,11,36,TRUE,FALSE,0.660128551805745,0.443456752395485,680,120,0.5
"C6",4,2,"R04_F02","C6_R04_F02","ANN_L1","64-32",0.000125,0.001,0,12,37,TRUE,FALSE,0.659978244870802,0.443294119506347,680,120,0.6400000000001
"C6",4,2,"R04_F02","C6_R04_F02","ANN_L2","64-32",0.000125,0,1e-05,11,36,TRUE,FALSE,0.660287300248385,0.443042575170218,680,120,0.599999999999909
"C6",4,2,"R04_F02","C6_R04_F02","ANN_L1_L2","64-32",0.000125,0.001,1e-04,12,37,TRUE,FALSE,0.65995567795985,0.443361182394714,680,120,0.589999999999918
"C6",4,3,"R04_F03","C6_R04_F03","ANN_0","64-32",5e-04,0,0,2,27,TRUE,FALSE,0.593009977926965,0.521707731972187,680,120,0.429999999999836
"C6",4,3,"R04_F03","C6_R04_F03","ANN_L1","64-32",5e-04,0.001,0,2,27,TRUE,FALSE,0.59361663093721,0.516569500474235,680,120,0.439999999999827
"C6",4,3,"R04_F03","C6_R04_F03","ANN_L2","64-32",5e-04,0,0.01,2,27,TRUE,FALSE,0.592879267388097,0.521737995663854,680,120,0.3599999999999
"C6",4,3,"R04_F03","C6_R04_F03","ANN_L1_L2","64-32",5e-04,0.001,0.01,2,27,TRUE,FALSE,0.593795057844239,0.515777263890429,680,120,0.319999999999936
"C6",4,4,"R04_F04","C6_R04_F04","ANN_0","64-32",5e-04,0,0,5,30,TRUE,FALSE,0.642544692606716,0.489284843660936,680,120,0.470000000000027
"C6",4,4,"R04_F04","C6_R04_F04","ANN_L1","64-32",5e-04,1e-04,0,5,30,TRUE,FALSE,0.642427422339218,0.489590690039441,680,120,0.490000000000009
"C6",4,4,"R04_F04","C6_R04_F04","ANN_L2","64-32",5e-04,0,0.01,5,30,TRUE,FALSE,0.642892647610787,0.488755255158944,680,120,0.440000000000055
"C6",4,4,"R04_F04","C6_R04_F04","ANN_L1_L2","64-32",5e-04,0.001,0.01,6,31,TRUE,FALSE,0.642141295927764,0.485994233750472,680,120,0.620000000000118
"C6",4,5,"R04_F05","C6_R04_F05","ANN_0","32",0.000125,0,0,9,34,TRUE,FALSE,0.614793019218239,0.515467744665408,680,120,0.439999999999827
"C6",4,5,"R04_F05","C6_R04_F05","ANN_L1","32",0.000125,0.01,0,19,44,TRUE,FALSE,0.625453028280437,0.498766391324598,680,120,0.579999999999927
"C6",4,5,"R04_F05","C6_R04_F05","ANN_L2","32",0.000125,0,0.01,9,34,TRUE,FALSE,0.614731794847751,0.515611041108893,680,120,0.3599999999999
"C6",4,5,"R04_F05","C6_R04_F05","ANN_L1_L2","32",0.000125,0.01,0.001,19,44,TRUE,FALSE,0.62553330333432,0.498519487615149,680,120,0.419999999999845
"C6",5,1,"R05_F01","C6_R05_F01","ANN_0","32-16",0.00025,0,0,6,31,TRUE,FALSE,0.657292329264375,0.411428770926066,680,120,0.509999999999991
"C6",5,1,"R05_F01","C6_R05_F01","ANN_L1","32-16",0.00025,0.001,0,6,31,TRUE,FALSE,0.658217745773453,0.41078176709815,680,120,0.470000000000027
"C6",5,1,"R05_F01","C6_R05_F01","ANN_L2","32-16",0.00025,0,0.01,6,31,TRUE,FALSE,0.657215777930008,0.411833931013755,680,120,0.529999999999973
"C6",5,1,"R05_F01","C6_R05_F01","ANN_L1_L2","32-16",0.00025,0.001,1e-04,6,31,TRUE,FALSE,0.65820288870633,0.410832102429186,680,120,0.539999999999964
"C6",5,2,"R05_F02","C6_R05_F02","ANN_0","32",5e-04,0,0,6,31,TRUE,FALSE,0.674961085904947,0.480281746214745,680,120,0.399999999999864
"C6",5,2,"R05_F02","C6_R05_F02","ANN_L1","32",5e-04,0.01,0,7,32,TRUE,FALSE,0.667535390606709,0.491535330233526,680,120,0.6099999999999
"C6",5,2,"R05_F02","C6_R05_F02","ANN_L2","32",5e-04,0,1e-05,6,31,TRUE,FALSE,0.674972936655379,0.480281512580544,680,120,0.420000000000073
"C6",5,2,"R05_F02","C6_R05_F02","ANN_L1_L2","32",5e-04,0.01,1e-05,7,32,TRUE,FALSE,0.667506938671643,0.491568327646826,680,120,0.349999999999909
"C6",5,3,"R05_F03","C6_R05_F03","ANN_0","64-32",0.000125,0,0,11,36,TRUE,FALSE,0.650867883817026,0.461923896742311,680,120,0.610000000000127
"C6",5,3,"R05_F03","C6_R05_F03","ANN_L1","64-32",0.000125,0.001,0,12,37,TRUE,FALSE,0.656024611402173,0.450120530935528,680,120,0.679999999999836
"C6",5,3,"R05_F03","C6_R05_F03","ANN_L2","64-32",0.000125,0,0.01,11,36,TRUE,FALSE,0.650989424042453,0.461715737860975,680,120,0.610000000000127
"C6",5,3,"R05_F03","C6_R05_F03","ANN_L1_L2","64-32",0.000125,0.001,1e-05,12,37,TRUE,FALSE,0.656062199548717,0.450013627584492,680,120,0.689999999999827
"C6",5,4,"R05_F04","C6_R05_F04","ANN_0","64-32",5e-04,0,0,7,32,TRUE,FALSE,0.618375133914654,0.553070226933498,680,120,0.480000000000018
"C6",5,4,"R05_F04","C6_R05_F04","ANN_L1","64-32",5e-04,1e-04,0,7,32,TRUE,FALSE,0.619158310154403,0.551265204171117,680,120,0.420000000000073
"C6",5,4,"R05_F04","C6_R05_F04","ANN_L2","64-32",5e-04,0,1e-04,6,31,TRUE,FALSE,0.618549019882083,0.554724753546567,680,120,0.519999999999982
"C6",5,4,"R05_F04","C6_R05_F04","ANN_L1_L2","64-32",5e-04,1e-05,1e-04,7,32,TRUE,FALSE,0.618110166982289,0.553510688296997,680,120,0.5
"C6",5,5,"R05_F05","C6_R05_F05","ANN_0","32-16",5e-04,0,0,13,38,TRUE,FALSE,0.674641464923053,0.448413585769551,680,120,0.470000000000027
"C6",5,5,"R05_F05","C6_R05_F05","ANN_L1","32-16",5e-04,1e-04,0,13,38,TRUE,FALSE,0.674159355348133,0.448656504158776,680,120,0.450000000000045
"C6",5,5,"R05_F05","C6_R05_F05","ANN_L2","32-16",5e-04,0,0.001,13,38,TRUE,FALSE,0.675744670174438,0.445634568836955,680,120,0.549999999999955
"C6",5,5,"R05_F05","C6_R05_F05","ANN_L1_L2","32-16",5e-04,0.001,0.01,13,38,TRUE,FALSE,0.677557200176266,0.437599616715532,680,120,0.779999999999973
